drugName,pain,skin,gynecological,libido,depression,anxiety,gastro-intestinal,discomfort,weight gain,eyes
Abacavir / dolutegravir / lamivudine,6,1,0,0,4,2,1,0,0,0
Abatacept,2,0,0,0,0,0,0,0,0,0
Abilify,4,0,3,0,26,29,11,40,3,0
Abilify Maintena,0,0,0,0,2,2,0,0,0,0
Abiraterone,0,0,0,0,0,0,0,0,0,0
Abraxane,0,0,0,0,0,0,0,0,0,0
Abreva,0,5,3,0,2,0,0,74,0,0
Absorica,0,1,0,0,0,0,0,0,0,0
Acamprosate,0,0,0,0,0,0,1,2,0,0
Acanya,0,16,2,0,0,0,0,0,0,0
Acarbose,0,0,0,0,0,0,0,0,0,0
Accutane,2,26,2,0,2,2,0,0,0,0
Acetaminophen,0,0,0,0,0,0,0,0,0,0
Acetaminophen / aspirin / caffeine,8,0,0,0,8,1,3,4,1,0
Acetaminophen / butalbital / caffeine,16,1,0,0,0,0,0,0,0,0
Acetaminophen / caffeine / dihydrocodeine,0,0,1,0,0,0,0,0,0,0
Acetaminophen / chlorpheniramine,0,0,0,0,0,0,0,0,0,0
Acetaminophen / chlorpheniramine / phenylephrine,2,0,0,0,2,0,0,2,0,0
Acetaminophen / codeine,6,2,0,0,2,0,1,6,0,0
Acetaminophen / dexbrompheniramine / pseudoephedrine,2,0,0,0,0,0,0,0,0,0
Acetaminophen / dichloralphenazone / isometheptene mucate,2,0,0,0,2,0,1,2,0,0
Acetaminophen / diphenhydramine,2,0,0,0,2,3,1,2,0,0
Acetaminophen / diphenhydramine / phenylephrine,0,0,0,0,0,0,0,0,0,0
Acetaminophen / hydrocodone,10,0,1,0,2,3,11,8,0,0
Acetaminophen / oxycodone,4,0,0,0,6,2,9,2,0,0
Acetaminophen / propoxyphene,2,0,0,0,0,0,0,0,0,0
Acetaminophen / tramadol,0,1,0,0,2,0,3,2,0,0
Acetazolamide,10,3,1,0,2,0,3,14,0,0
Aciphex,0,0,0,0,0,0,0,0,0,0
Acitretin,0,0,0,0,2,0,0,4,0,0
Actemra,0,0,0,0,0,0,0,0,0,0
Acthar,0,0,0,0,0,0,0,0,0,0
Actifed,0,0,0,0,0,0,0,0,0,0
ActoPlus Met,0,0,0,0,0,0,0,0,0,0
Actonel,0,0,0,0,0,0,3,2,0,0
Actonel with Calcium,0,0,0,0,0,0,0,0,0,0
Actos,2,0,0,0,0,0,1,2,0,0
Acyclovir,0,5,2,0,2,1,0,10,0,0
Aczone,0,30,3,0,0,0,0,0,0,0
Adalimumab,10,12,4,0,18,4,3,16,0,0
Adapalene,0,34,3,0,4,0,0,2,0,0
Adapalene / benzoyl peroxide,0,87,17,0,4,1,0,4,0,0
Adderall,0,2,1,0,0,6,0,2,0,0
Adderall XR,0,1,0,0,4,0,0,2,0,0
Addyi,0,0,0,0,0,0,0,0,0,0
Adempas,0,0,0,0,0,0,0,0,0,0
Adenosine,0,0,0,0,2,0,0,0,0,0
Adipex-P,2,0,0,0,0,1,2,2,2,0
Adriamycin,0,0,0,0,0,0,1,0,0,0
Advair Diskus,0,1,0,0,0,0,1,0,0,0
Advil,2,0,0,0,0,0,0,0,0,0
Advil Cold and Sinus,2,0,0,0,0,0,0,2,0,0
Advil Liqui-Gels,2,0,0,0,0,0,0,0,0,0
Adzenys XR-ODT,4,0,0,0,0,0,1,2,0,0
Afinitor,0,2,1,0,2,0,1,0,0,0
Aflibercept,0,0,0,0,0,0,0,0,0,0
Afrezza,0,0,0,0,0,0,0,2,0,0
Afrin,0,0,0,0,0,2,0,0,0,0
Afrin Original,0,0,0,0,0,0,0,0,0,0
Aftera,0,0,2,0,0,0,0,0,0,0
Aggrenox,4,0,0,0,0,0,2,2,0,0
Alamast,0,0,0,0,0,0,0,0,0,0
Albiglutide,4,0,0,0,0,0,1,0,0,0
Albuterol,0,0,1,0,2,0,1,2,0,0
Albuterol / ipratropium,0,1,0,0,0,0,0,0,0,0
Alcaftadine,0,8,0,0,0,0,0,0,0,0
Aldactone,0,0,0,0,0,0,0,2,0,0
Aldara,4,0,2,0,0,0,0,2,0,0
Aldomet,0,0,0,0,0,0,0,2,0,0
Alendronate,8,0,0,0,2,0,6,2,0,0
Alesse,12,21,7,0,14,13,11,16,3,0
Aleve,2,1,0,0,4,0,1,4,0,0
Alfuzosin,6,0,0,0,2,0,1,12,0,0
Alirocumab,0,2,0,0,2,0,0,8,0,0
Aliskiren,2,0,0,0,0,0,1,2,0,0
Allegra,4,3,1,0,0,0,1,2,0,0
Allegra Allergy,0,0,0,0,0,0,0,0,0,0
Allegra-D 12 Hour,0,0,0,0,0,2,0,0,0,0
Allegra-D 24 Hour,0,1,0,0,0,2,0,0,0,0
Aller-Ease,0,0,0,0,0,0,0,0,0,0
Alli,0,0,0,0,0,0,1,0,0,0
Allopurinol,0,0,0,0,0,0,0,0,0,0
Almotriptan,0,0,0,0,0,0,0,2,0,0
Alogliptin,0,0,0,0,0,0,0,0,0,0
Alogliptin / metformin,0,0,0,0,0,0,0,0,0,0
Alprazolam,2,0,0,0,0,8,1,14,0,0
Alprostadil,0,0,2,0,2,0,0,2,0,0
Altabax,0,0,0,0,0,0,0,0,0,0
Altace,0,0,0,0,2,0,1,4,0,0
Altavera,0,1,1,0,0,0,0,0,0,0
Aluminum chloride hexahydrate,0,4,1,0,0,2,0,12,0,0
Aluminum hydroxide / magnesium trisilicate,0,0,0,0,0,0,0,0,0,0
Alvesco,0,0,0,0,0,0,0,0,0,0
Alyacen 1 / 35,0,1,0,0,0,1,1,0,0,0
Amantadine,0,0,0,0,0,2,0,10,0,0
Amaryl,0,0,0,0,0,0,0,0,0,0
Ambien,6,6,1,0,4,14,0,14,0,0
Ambien CR,2,0,0,0,2,7,0,0,0,0
Ambrisentan,0,0,0,0,0,0,0,0,0,0
Amethia,0,0,2,0,0,0,2,0,0,0
Amethia Lo,0,1,1,0,0,0,0,0,0,0
Amethyst,0,0,1,0,2,0,0,0,0,0
Amikacin,0,0,0,0,0,0,0,0,0,0
Amikin,0,0,0,0,0,0,0,0,0,0
Amiloride,0,0,0,0,0,0,0,0,0,0
Amiodarone,0,2,1,0,2,3,1,8,0,0
Amitiza,10,1,3,0,10,2,43,20,0,0
Amitriptyline,12,1,4,0,14,50,9,38,0,0
Amlodipine,34,11,5,0,42,20,8,64,0,0
Amlodipine / benazepril,0,0,0,0,0,0,1,4,0,0
Amlodipine / hydrochlorothiazide / olmesartan,0,0,0,0,0,0,0,0,0,0
Amlodipine / olmesartan,2,0,0,0,0,0,1,2,0,0
Amlodipine / valsartan,2,0,0,0,0,0,0,2,0,0
Amnesteem,0,5,0,0,2,1,1,0,0,0
Amoxicillin,4,1,3,0,0,1,6,8,0,0
Amoxicillin / clarithromycin / lansoprazole,0,1,2,0,2,1,0,2,0,0
Amoxicillin / clavulanate,52,23,5,0,24,22,36,46,1,0
Amoxil,0,1,1,0,0,0,0,0,0,0
Amphetamine,4,0,0,0,0,2,1,2,0,0
Amphetamine / dextroamphetamine,8,2,2,0,10,12,2,16,0,0
Ampyra,0,0,0,0,2,0,0,0,0,0
Amrix,0,0,0,0,0,2,0,4,0,0
Anafranil,2,0,0,0,2,1,1,4,0,0
Analpram-HC,0,0,0,0,0,0,0,0,0,0
Anaprox,0,0,0,0,0,0,0,0,0,0
Anaprox-DS,0,0,0,0,0,0,0,0,0,0
Anastrozole,10,3,0,0,6,8,2,16,0,0
AndroGel,0,1,0,0,2,0,0,2,0,0
Androderm,0,2,2,0,0,0,0,0,0,0
Angeliq,0,0,3,0,0,0,1,0,0,0
Antabuse,0,0,0,0,0,0,0,0,0,0
Antivert,0,0,0,0,0,0,0,2,0,0
Anturol,0,0,0,0,0,0,0,0,0,0
Anucort-HC,0,0,0,0,0,0,0,0,0,0
Anusol-HC Suppositories,0,0,2,0,0,0,0,0,0,0
Apixaban,4,2,2,0,6,0,1,14,0,0
Aplenzin,0,0,0,0,0,1,0,0,0,0
Apokyn,0,0,0,0,0,0,0,0,0,0
Apremilast,36,6,3,0,12,5,16,24,0,0
Apri,14,32,10,0,22,7,17,20,1,0
Apriso,0,0,1,0,0,0,0,2,0,0
Aptiom,0,0,0,0,0,0,0,2,0,0
Aquavite-E,0,0,0,0,0,0,0,0,0,0
Aquoral,0,0,0,0,0,0,0,0,0,0
Arava,0,0,0,0,0,0,0,0,0,0
Aricept,0,0,0,0,0,1,1,2,0,0
Arimidex,2,2,0,0,6,2,2,4,0,0
Aripiprazole,10,1,1,0,30,37,12,42,2,0
Armodafinil,18,1,0,0,24,5,2,28,0,0
Armour Thyroid,4,1,3,0,6,7,3,18,0,0
Aromasin,2,0,1,0,2,4,2,6,0,0
Artane,0,0,0,0,0,0,0,0,0,0
Asacol,4,1,0,0,0,0,1,0,0,0
Asenapine,6,2,0,0,14,21,0,14,0,0
Ashlyna,0,0,2,0,2,1,1,2,0,0
Asmanex Twisthaler,0,0,0,0,2,0,0,2,0,0
Aspirin,0,0,0,0,0,0,0,0,0,0
Aspirin / butalbital / caffeine,4,0,0,0,0,0,0,2,0,0
Aspirin / caffeine / orphenadrine,2,0,0,0,0,0,0,0,0,0
Aspirin / dipyridamole,4,0,0,0,0,0,2,0,0,0
Aspirin / oxycodone,0,0,0,0,0,0,1,2,0,0
Astepro,0,1,0,0,0,0,0,0,0,0
Atacand,0,0,0,0,0,0,0,0,0,0
Atarax,0,0,1,0,2,2,1,6,0,0
Atelvia,0,0,0,0,0,0,0,0,0,0
Atenolol,2,1,1,0,4,3,2,13,0,0
Ativan,0,0,0,0,4,8,3,2,0,0
Atomoxetine,22,2,2,0,26,33,20,56,0,0
Atorvastatin,8,1,5,0,4,3,5,26,0,0
Atovaquone,0,0,0,0,0,0,0,0,0,0
Atovaquone / proguanil,0,2,0,0,0,0,3,6,0,0
Atralin,0,4,1,0,0,0,0,0,0,0
Atripla,0,0,0,0,0,2,0,0,0,0
Atropine,0,2,1,0,0,0,0,0,0,0
Atropine / diphenoxylate,0,0,0,0,2,1,4,0,0,0
Atropine / hyoscyamine / phenobarbital / scopolamine,0,0,0,0,0,0,0,0,0,0
Atrovent,0,0,0,0,0,0,0,0,0,0
Aubagio,4,1,0,0,2,0,2,4,0,0
Aubra,14,16,8,0,10,4,5,4,1,0
Augmentin,26,7,4,0,10,9,25,20,0,0
Augmentin ES-600,0,0,0,0,0,0,0,0,0,0
Auryxia,0,0,0,0,0,0,1,0,0,0
Avanafil,2,0,0,0,0,0,0,2,0,0
Avandamet,0,0,0,0,0,0,0,0,0,0
Avandia,0,0,0,0,0,0,0,0,0,0
Avapro,2,0,0,0,2,0,3,20,0,0
Aveed,0,0,0,0,0,0,0,0,0,0
Aveeno,0,0,0,0,0,0,0,0,0,0
Avelox,3,3,2,0,4,2,8,26,0,0
Aventyl Hydrochloride,0,0,0,0,0,0,0,0,0,0
Aviane,18,25,12,0,26,17,21,16,5,0
Avinza,0,0,0,0,0,0,0,0,0,0
Avodart,0,0,0,0,0,0,0,0,0,0
Avonex,2,0,0,0,0,0,0,0,0,0
Axert,0,0,0,0,0,0,0,2,0,0
Axiron,2,1,0,0,2,1,0,4,0,0
Aygestin,0,0,3,0,0,0,0,0,0,0
Ayr Saline Nasal,0,0,0,0,0,0,0,0,0,0
Azacitidine,0,0,0,0,0,0,0,0,0,0
Azasan,0,0,0,0,0,0,1,0,0,0
Azasite,0,1,0,0,0,0,0,0,0,0
Azathioprine,6,1,0,0,2,0,1,6,0,0
Azelaic acid,0,5,2,0,0,0,0,0,0,0
Azelastine,4,0,1,0,0,0,0,2,0,0
Azelastine / fluticasone,4,1,0,0,4,0,3,6,0,0
Azilect,0,0,0,0,0,0,0,0,0,0
Azilsartan medoxomil,0,0,1,0,0,2,0,8,0,0
Azilsartan medoxomil / chlorthalidone,0,0,0,0,0,0,0,0,0,0
Azithromycin,24,9,11,0,28,7,21,44,0,0
Azithromycin Dose Pack,2,1,0,0,2,0,1,2,0,0
Azo Urinary Pain Relief,0,0,0,0,0,0,0,0,0,0
Azor,0,0,1,0,0,0,0,2,0,0
Azulfidine,2,0,0,0,0,0,1,0,0,0
Azurette,2,0,0,0,2,0,1,0,0,0
Bacitracin,0,1,0,0,0,0,0,0,0,0
Bacitracin / neomycin / polymyxin b,0,2,1,0,0,0,0,0,0,0
Baclofen,6,1,1,0,0,4,3,6,0,0
Bactrim,34,15,6,0,20,15,26,40,1,0
Bactrim DS,18,5,3,0,16,8,24,42,0,0
Bactroban,0,0,1,0,0,0,0,0,0,0
Balsalazide,0,1,0,0,0,0,0,0,0,0
Balziva,0,2,0,0,0,0,1,0,0,0
Barium sulfate,0,0,0,0,0,0,1,4,0,0
Basaglar,0,0,0,0,0,0,0,0,0,0
Bayer Aspirin,0,0,0,0,0,0,0,0,0,0
Beclomethasone,2,1,0,0,4,0,0,4,0,0
Beconase AQ,0,0,0,0,0,0,0,0,0,0
Belbuca,8,1,0,0,0,0,4,4,0,0
Belladonna,0,0,0,0,0,2,0,0,0,0
Belladonna Tincture,0,0,0,0,0,2,0,0,0,0
Belsomra,20,1,0,0,30,102,3,32,0,0
Belviq,50,1,0,0,30,15,12,84,11,0
Benadryl,4,0,0,0,2,0,1,2,0,0
Benadryl Allergy,0,0,2,0,0,4,0,0,0,0
Benazepril,0,0,0,0,0,0,0,0,0,0
Benicar,2,0,2,0,2,2,1,8,0,0
Benicar HCT,0,0,1,0,4,0,0,2,0,0
Benlysta,0,0,0,0,0,0,0,0,0,0
Bentyl,4,0,0,0,0,0,1,4,0,0
Benzaclin,0,6,0,0,0,0,0,0,0,0
Benzamycin,0,1,0,0,0,0,0,0,0,0
Benzocaine,0,0,0,0,2,0,1,2,0,0
Benzonatate,6,1,1,0,4,4,1,26,0,0
Benzoyl peroxide,0,2,0,0,0,0,0,0,0,0
Benzoyl peroxide / clindamycin,0,68,13,0,0,0,0,2,0,0
Benzphetamine,0,0,0,0,0,0,0,0,0,0
Benztropine,0,0,0,0,0,0,0,0,0,0
Bepotastine,0,3,1,0,0,0,0,0,0,0
Bepreve,0,3,1,0,0,0,0,0,0,0
Betadine Aerosol Spray,0,0,0,0,0,0,0,0,0,0
Betamethasone / calcipotriene,0,0,1,0,0,0,0,2,0,0
Betapace AF,0,0,0,0,0,0,0,0,0,0
Bevacizumab,0,0,0,0,0,0,0,0,0,0
Beyaz,4,6,3,0,8,3,4,8,1,0
Biaxin,6,1,0,0,6,0,3,4,0,0
Bicalutamide,0,1,0,0,0,1,0,0,0,0
Biltricide,0,0,0,0,0,0,0,0,0,0
Bimatoprost,0,0,0,0,0,0,0,4,0,0
Bioflavonoids,0,0,0,0,4,0,1,0,0,0
Biotene Mouthwash,0,0,0,0,0,0,0,0,0,0
Biotin,0,2,0,0,0,0,0,0,0,0
Bisacodyl,2,1,56,0,62,3,142,128,1,0
Bisacodyl / polyethylene glycol 3350 / potassium chloride / sodium bicarbonate / sodium chloride,0,0,0,0,0,0,0,0,0,0
Bismuth subcitrate potassium / metronidazole / tetracycline,12,1,3,0,12,8,14,18,0,0
Bismuth subsalicylate,0,0,0,0,0,0,0,0,0,0
Bisoprolol,0,0,0,0,4,0,0,4,0,0
Bisoprolol / hydrochlorothiazide,2,0,0,0,0,0,1,4,0,0
Blisovi 24 Fe,14,12,16,0,24,11,11,22,1,0
Blisovi Fe 1 / 20,18,10,6,0,8,7,10,20,0,0
Blisovi Fe 1.5 / 30,0,0,1,0,0,0,0,0,0,0
Blistex Lip Balm,0,0,0,0,0,0,0,0,0,0
Bonine,0,0,0,0,2,0,0,0,0,0
Boniva,2,0,0,0,0,0,2,0,0,0
Bontril PDM,2,0,0,0,0,2,1,2,0,0
Bontril Slow Release,0,0,0,0,0,2,0,0,0,0
Botox,12,2,3,0,14,10,2,12,0,0
Botox Cosmetic,2,0,0,0,0,0,0,2,0,0
Botulinum toxin type b,2,0,1,0,0,0,0,2,0,0
Breo Ellipta,6,0,0,0,4,0,0,6,0,0
Brexpiprazole,0,2,0,0,8,12,2,16,1,0
Briellyn,0,0,0,0,0,0,0,0,0,0
Brilinta,2,0,0,0,2,0,1,4,0,0
Brimonidine,0,42,10,0,4,2,0,4,0,0
Brimonidine / timolol,0,0,0,0,0,0,0,0,0,0
Brinzolamide,0,0,0,0,2,0,0,0,0,0
Brisdelle,4,0,0,0,0,4,1,4,0,0
Briviact,0,0,0,0,2,2,0,0,0,0
Bromfed DM,0,0,0,0,0,0,2,2,0,0
Bromocriptine,0,0,0,0,2,0,1,6,0,0
Brompheniramine / dextromethorphan / phenylephrine,0,0,0,0,0,0,0,0,0,0
Brompheniramine / dextromethorphan / pseudoephedrine,0,1,1,0,0,0,2,2,0,0
Brompheniramine / pseudoephedrine,0,0,0,0,0,0,0,0,0,0
BroveX PEB DM,0,0,0,0,0,0,0,0,0,0
BuSpar,8,1,1,0,16,16,7,38,0,0
Budeprion XL,2,0,0,0,2,0,1,0,0,0
Budesonide,4,1,0,0,0,0,1,4,0,0
Budesonide / formoterol,0,1,0,0,4,0,0,2,0,0
Bumetanide,0,0,0,0,0,0,0,0,0,0
Bunavail,8,0,0,0,6,0,0,6,0,0
Buprenorphine,12,8,5,0,8,4,13,6,0,0
Buprenorphine / naloxone,14,0,0,0,14,2,5,8,0,0
Buproban,0,0,0,0,0,0,0,0,0,0
Bupropion,28,4,2,0,67,68,15,62,1,0
Bupropion / naltrexone,58,4,7,0,56,25,88,100,23,0
Buspirone,20,2,4,0,34,49,18,74,1,0
Butorphanol,0,0,0,0,2,0,0,0,0,0
Butrans,2,6,2,0,2,2,7,4,0,0
Bydureon,2,3,2,0,2,0,13,2,2,0
Byetta,0,0,0,0,0,2,2,0,0,0
Bystolic,8,1,0,0,8,15,3,30,0,0
C1 esterase inhibitor (human),0,0,0,0,0,0,1,0,0,0
Cabergoline,2,0,0,0,0,0,0,4,0,0
Cabozantinib,0,0,0,0,0,0,1,0,0,0
Caffeine,2,0,0,0,2,3,1,4,0,0
Calan SR,0,0,0,0,0,0,0,0,0,0
Calcipotriene,0,0,0,0,0,0,0,0,0,0
Calcitonin,0,1,0,0,0,0,0,0,0,0
Calcium carbonate,0,0,0,0,0,0,0,0,0,0
Calcium carbonate / risedronate,0,0,0,0,0,0,0,0,0,0
Calmoseptine,0,0,1,0,0,0,0,0,0,0
Cambia,0,0,0,0,0,0,0,0,0,0
Camila,4,7,4,0,4,4,6,6,0,0
Camphor / menthol,0,2,0,0,0,0,0,2,0,0
Campral,0,0,0,0,0,0,0,0,0,0
Camrese,16,4,6,0,4,3,6,12,0,0
CamreseLo,0,0,0,0,0,0,1,0,0,0
Canagliflozin,2,4,10,0,10,0,5,24,0,0
Candesartan,2,0,0,0,0,2,0,6,0,0
Capecitabine,0,1,0,0,0,0,0,2,0,0
Capsaicin,0,1,10,0,2,0,0,2,0,0
Capsin,0,0,1,0,0,0,0,0,0,0
Capzasin,0,1,1,0,0,0,0,0,0,0
Capzasin-HP,0,0,1,0,2,0,0,0,0,0
Capzasin-P,0,0,1,0,0,0,0,2,0,0
Carac,0,0,0,0,0,0,0,0,0,0
Carafate,0,0,0,0,0,2,0,0,0,0
Carbamazepine,8,8,1,0,10,2,2,10,0,0
Carbamide peroxide,0,0,0,0,0,0,0,0,0,0
Carbatrol,0,0,0,0,0,0,0,0,0,0
Carbidopa / entacapone / levodopa,0,0,0,0,0,2,0,2,0,0
Carbidopa / levodopa,0,0,0,0,0,0,1,0,0,0
Cardizem CD,0,0,0,0,0,0,0,0,0,0
Cardizem LA,0,1,0,0,0,0,0,0,0,0
Cardura XL,0,0,0,0,0,0,0,0,0,0
Carfilzomib,0,0,0,0,0,0,0,0,0,0
Cariprazine,4,0,1,0,6,6,3,4,0,0
Carisoprodol,2,0,0,0,0,5,1,2,0,0
Cartia XT,0,0,0,0,0,0,0,0,0,0
Carvedilol,12,0,0,0,4,2,3,8,0,0
Casodex,0,1,0,0,0,1,0,0,0,0
Cataflam,0,0,0,0,0,0,0,0,0,0
Catapres,0,0,0,0,0,2,0,2,0,0
Catapres-TTS,0,0,0,0,0,0,0,0,0,0
Cefazolin,0,0,0,0,0,0,0,2,0,0
Cefdinir,30,8,14,0,20,0,12,10,0,0
Cefditoren,2,0,0,0,0,0,1,0,0,0
Cefixime,0,0,0,0,0,0,0,0,0,0
Cefprozil,0,0,1,0,0,0,1,0,0,0
Ceftin,0,0,0,0,0,1,0,0,0,0
Ceftriaxone,4,0,1,0,2,2,0,4,0,0
Cefuroxime,2,1,1,0,2,0,2,4,0,0
Cefzil,0,0,0,0,0,0,1,0,0,0
Celebrex,2,0,1,0,0,0,2,0,0,0
Celecoxib,2,0,0,0,0,0,2,4,0,0
Celexa,12,0,3,0,18,33,4,48,0,0
Cephalexin,4,5,3,0,2,3,8,18,0,0
Certolizumab,0,0,0,0,0,0,0,2,0,0
Cervidil,0,0,0,0,0,0,0,0,0,0
Cesamet,0,0,0,0,0,0,0,0,0,0
Cetaphil Lotion,0,2,0,0,0,0,0,0,0,0
Cetirizine,0,2,6,0,0,4,0,4,0,0
Cetuximab,0,0,0,0,0,0,0,0,0,0
Cevimeline,0,0,0,0,0,0,0,0,0,0
Chantix,12,0,2,0,10,9,18,24,0,0
Chateal,16,23,9,0,20,10,19,16,0,0
Cheratussin AC,2,0,0,0,0,0,0,2,0,0
Cheratussin DAC,2,0,0,0,0,0,0,2,0,0
Chloral hydrate,0,0,0,0,0,0,0,0,0,0
Chloramphenicol,0,1,0,0,0,0,0,0,0,0
Chloraseptic Sore Throat Spray,0,0,0,0,0,0,0,2,0,0
Chlordiazepoxide,0,0,0,0,0,0,0,2,0,0
Chlordiazepoxide / clidinium,0,0,0,0,0,0,0,0,0,0
Chlorhexidine,0,0,1,0,0,0,0,0,0,0
Chlorpheniramine,0,0,0,0,0,0,1,0,0,0
Chlorpheniramine / dextromethorphan,4,0,0,0,0,0,1,4,0,0
Chlorpheniramine / dextromethorphan / phenylephrine,0,0,0,0,0,0,0,2,0,0
Chlorpheniramine / hydrocodone,0,0,0,0,0,0,0,0,0,0
Chlorpheniramine / pseudoephedrine,0,0,0,0,0,0,0,0,0,0
Chlorpromazine,0,0,0,0,0,0,0,0,0,0
Chlorthalidone,2,0,1,0,0,0,0,0,0,0
Chlorzoxazone,0,1,0,0,0,0,0,0,0,0
Cholecalciferol,0,0,0,0,0,0,2,4,0,0
Cholestyramine,0,0,0,0,0,0,0,0,0,0
Chondroitin / glucosamine,0,0,0,0,0,0,0,0,0,0
Chondroitin / glucosamine / methylsulfonylmethane,0,0,0,0,0,0,0,0,0,0
Chorionic gonadotropin (hcg),0,1,1,0,0,0,0,0,0,0
Cialis,8,0,1,0,2,1,0,0,0,0
Ciclesonide,0,0,0,0,0,0,0,0,0,0
Ciclopirox,0,0,0,0,0,0,0,0,0,0
Cilostazol,2,0,0,0,0,0,0,0,0,0
Cimetidine,0,1,0,0,0,0,0,0,0,0
Cimzia,0,0,0,0,0,0,0,2,0,0
Cinacalcet,0,0,0,0,0,0,0,0,0,0
Cipro,23,10,3,0,10,9,9,18,0,0
Ciprodex,0,1,0,0,2,0,0,0,0,0
Ciprofloxacin,40,23,15,0,32,19,28,60,0,0
Ciprofloxacin / dexamethasone,0,1,1,0,2,0,0,2,0,0
Citalopram,20,4,4,0,54,66,15,86,1,0
CitraNatal 90 DHA,2,0,0,0,0,0,0,0,0,0
Citric acid / magnesium oxide / sodium picosulfate,0,0,2,0,4,0,4,0,0,0
Claravis,0,3,0,0,0,0,0,0,0,0
Clarithromycin,34,7,4,0,34,18,35,66,2,0
Claritin,0,1,0,0,2,0,0,4,0,0
Claritin-D,2,1,0,0,2,6,0,0,0,0
Claritin-D 12 Hour,2,0,0,0,2,2,1,0,0,0
Claritin-D 24 Hour,0,0,0,0,0,0,0,0,0,0
Cleocin,0,0,0,0,0,0,1,0,0,0
Climara,0,1,0,0,0,0,0,0,0,0
Climara Pro,2,0,0,0,2,0,0,0,0,0
Clindamax,0,0,1,0,0,0,0,0,0,0
Clindamycin,12,20,17,0,18,2,41,16,0,0
Clindamycin / tretinoin,0,13,1,0,0,0,0,0,0,0
Clindesse,0,0,2,0,2,0,0,0,0,0
Clobazam,0,0,0,0,0,0,0,2,0,0
Clobetasol,0,0,1,0,0,0,0,2,0,0
Clobex,0,0,1,0,0,0,0,2,0,0
Clomid,0,0,0,0,0,1,1,0,0,0
Clomiphene,0,0,0,0,2,1,0,0,0,0
Clomipramine,0,0,0,0,2,4,1,4,0,0
Clonazepam,6,2,1,0,8,25,5,18,0,0
Clonidine,2,1,0,0,8,19,4,24,0,0
Clopidogrel,4,0,0,0,0,2,3,4,0,0
Clorazepate,0,0,0,0,0,0,0,0,0,0
Clotrimazole,0,0,0,0,0,0,0,0,0,0
Clozapine,2,0,0,0,2,1,1,0,0,0
CoQ10,0,0,0,0,0,0,0,0,0,0
Cobicistat / darunavir,0,5,0,0,0,2,0,0,0,0
Cobicistat / elvitegravir / emtricitabine / tenofovir,0,0,0,0,0,0,0,0,0,0
Cobicistat / elvitegravir / emtricitabine / tenofovir alafenamide,2,0,0,0,4,0,1,2,0,0
Codeine,0,0,0,0,0,1,0,0,0,0
Codeine / guaifenesin,6,0,0,0,0,0,0,2,0,0
Codeine / guaifenesin / pseudoephedrine,2,0,0,0,0,0,0,2,0,0
Codeine / promethazine,0,1,0,0,0,0,1,2,0,0
Colazal,0,0,0,0,0,0,0,0,0,0
Colchicine,0,0,1,0,0,0,1,0,0,0
Colchicine / probenecid,0,0,1,0,0,0,0,0,0,0
Colcrys,0,0,0,0,0,0,0,0,0,0
Colesevelam,2,0,1,0,0,0,3,2,0,0
Collagenase clostridium histolyticum,0,0,0,0,0,0,0,0,0,0
Colyte,0,0,0,0,0,0,0,0,0,0
CombiPatch,0,0,0,0,0,0,0,0,0,0
Combigan,0,0,0,0,0,0,0,0,0,0
Combivent Respimat,0,1,0,0,0,0,0,0,0,0
Cometriq,0,0,0,0,0,0,1,0,0,0
Compazine,8,1,1,0,10,7,14,6,0,0
Complera,0,0,0,0,0,2,1,0,0,0
Comtan,0,0,0,0,2,1,0,0,0,0
Concerta,4,2,0,0,6,22,2,8,1,0
Condylox,0,0,0,0,0,0,0,0,0,0
Conjugated estrogens,0,1,0,0,0,0,1,4,0,0
Conjugated estrogens / medroxyprogesterone,0,2,0,0,0,0,2,0,0,0
Contrave,66,5,7,0,58,23,89,98,25,0
Copaxone,0,2,4,0,0,2,0,4,0,0
Copper,20,6,38,0,24,12,13,44,0,0
Cordarone,0,0,0,0,2,0,1,0,0,0
Coreg,2,0,0,0,0,0,0,4,0,0
Coreg CR,0,0,0,0,0,0,0,0,0,0
Coricidin HBP Cold & Flu,0,0,0,0,0,0,0,0,0,0
Coricidin HBP Cough & Cold,2,0,0,0,0,0,0,2,0,0
Correctol,0,0,1,0,0,0,2,6,0,0
Cortenema,0,0,0,0,0,0,0,0,0,0
Corticotropin,0,0,0,0,0,0,0,0,0,0
Cortisone,0,0,0,0,0,0,0,0,0,0
Cosamin DS,0,0,0,0,0,0,0,0,0,0
Cosentyx,2,4,2,0,0,2,1,4,0,0
Cosopt,0,0,0,0,0,0,0,0,0,0
Coumadin,2,0,0,0,2,0,0,0,0,0
Cozaar,4,0,0,0,0,2,1,0,0,0
Creatine,0,0,0,0,0,0,0,0,0,0
Creon,2,0,0,0,0,0,1,0,0,0
Crestor,6,0,1,0,2,2,2,6,0,0
Crinone,0,0,1,0,0,0,0,0,0,0
Crisaborole,0,3,4,0,0,0,0,0,0,0
Cromolyn,0,0,0,0,0,0,0,0,0,0
Cryselle,12,13,5,0,14,16,6,10,0,0
Cyclafem 1 / 35,0,0,0,0,2,0,0,2,0,0
Cyclessa,0,0,0,0,0,2,0,0,0,0
Cyclizine,0,0,0,0,0,0,1,4,0,0
Cyclobenzaprine,14,1,0,0,12,15,5,28,0,0
Cyclopentolate,0,0,0,0,2,0,0,0,0,0
Cyclophosphamide,0,0,0,0,0,0,0,0,0,0
Cyclosporine,0,3,1,0,4,0,1,0,0,0
Cymbalta,54,7,4,0,70,71,51,153,0,0
Cyproheptadine,2,0,1,0,0,0,0,2,1,0
Cyred,0,1,1,0,4,2,1,0,1,0
Cytomel,0,0,0,0,0,0,0,0,0,0
Dabigatran,0,1,2,0,2,0,7,2,0,0
Dalfampridine,0,0,0,0,2,0,0,0,0,0
Daliresp,4,0,0,0,0,0,5,0,0,0
Dalmane,0,0,0,0,0,0,0,0,0,0
Danazol,0,0,1,0,0,0,0,0,0,0
Dapagliflozin,4,0,2,0,2,0,3,4,0,0
Dapsone,0,31,4,0,0,0,0,0,0,0
Darifenacin,0,0,0,0,0,0,1,2,0,0
Darunavir,0,0,0,0,0,0,0,0,0,0
Darvocet A500,0,0,0,0,0,0,0,0,0,0
Dasabuvir / ombitasvir / paritaprevir / ritonavir,0,0,0,0,2,0,0,0,0,0
Dasatinib,0,0,0,0,0,0,0,0,0,0
Dasetta 1 / 35,0,0,0,0,0,0,0,0,0,0
Daypro,0,0,0,0,0,0,0,2,0,0
Daytrana,0,0,0,0,0,3,0,0,0,0
Debrox,0,0,0,0,0,0,0,0,0,0
Decadron,2,0,1,0,0,0,0,4,0,0
Delsym,0,2,5,0,6,0,9,22,0,0
Delsym 12 Hour Cough Relief,0,0,0,0,2,0,1,0,0,0
Deltasone,0,1,0,0,0,2,0,0,0,0
Delzicol,0,0,0,0,0,0,0,0,0,0
Demerol,0,0,0,0,0,0,0,0,0,0
Denavir,0,0,0,0,0,0,0,2,0,0
Denosumab,10,3,4,0,4,2,3,16,0,0
Depakene,0,0,0,0,0,0,2,0,0,0
Depakote,8,0,0,0,8,8,2,4,2,0
Depakote ER,6,1,1,0,2,0,1,2,0,0
Deplin,2,0,0,0,0,0,1,4,0,0
Depo-Medrol,0,0,0,0,0,0,0,0,0,0
Depo-Provera,74,75,139,0,94,42,28,126,14,0
Depo-Provera Contraceptive,0,0,1,0,0,0,0,0,0,0
Dermal filler,0,0,0,0,0,0,0,0,0,0
Desloratadine,2,0,0,0,0,0,1,4,0,0
Desogen,2,2,0,0,4,1,1,2,0,0
Desogestrel / ethinyl estradiol,56,60,32,0,74,43,48,52,5,0
Desonide,0,0,1,0,0,0,0,0,0,0
Desoximetasone,0,1,1,0,0,0,0,0,0,0
Desvenlafaxine,32,2,2,0,54,62,31,92,3,0
Desyrel,0,0,0,0,0,0,1,2,0,0
Detrol,0,0,0,0,2,0,0,0,0,0
Detrol LA,0,0,0,0,0,0,0,0,0,0
Dexamethasone,2,3,0,0,0,4,0,8,0,0
Dexamethasone / neomycin / polymyxin b,0,0,0,0,0,0,0,2,0,0
Dexamethasone / tobramycin,0,3,0,0,0,0,0,0,0,0
Dexchlorpheniramine,0,0,0,0,0,0,0,0,0,0
Dexedrine,0,0,0,0,2,0,0,0,0,0
Dexilant,4,0,3,0,4,1,7,12,0,0
Dexlansoprazole,2,0,2,0,4,2,9,8,1,0
Dexmethylphenidate,4,0,0,0,6,3,0,6,0,0
Dextroamphetamine,2,0,0,0,2,0,0,2,0,0
Dextromethorphan,0,4,7,0,12,2,12,34,0,0
Dextromethorphan / guaifenesin,2,0,0,0,0,0,1,0,0,0
Dextromethorphan / guaifenesin / phenylephrine,0,0,0,0,0,2,0,2,0,0
Dextromethorphan / promethazine,0,0,0,0,0,0,0,0,0,0
Diamox,8,0,0,0,0,0,4,4,0,0
Diazepam,0,0,0,0,6,3,0,6,0,0
Diclegis,4,1,1,0,12,1,14,8,0,0
Diclofenac,18,2,5,0,10,8,10,14,0,0
Diclofenac / misoprostol,0,0,0,0,0,0,0,0,0,0
Dicloxacillin,0,0,0,0,0,0,1,4,0,0
Dicyclomine,4,0,2,0,0,2,4,10,0,0
Didrex,0,0,0,0,0,0,0,0,0,0
Dienogest / estradiol,2,1,3,0,2,1,1,2,0,0
Diethylpropion,0,0,1,0,0,0,0,0,0,0
Differin,0,23,2,0,2,0,0,2,0,0
Diflucan,4,6,8,0,2,0,2,6,0,0
Diflunisal,0,0,0,0,0,0,0,0,0,0
Digoxin,0,0,0,0,0,0,0,2,0,0
Dihydroergotamine,2,1,1,0,0,0,0,0,0,0
Dilantin,2,3,0,0,2,1,1,0,0,0
Dilaudid,6,1,0,0,2,2,4,2,0,0
Dilaudid-HP,2,0,0,0,2,0,2,0,0,0
Diltiazem,6,0,1,0,6,0,1,4,0,0
Dimenhydrinate,0,0,0,0,0,0,0,2,0,0
Dimetapp Children's Cold & Cough,0,0,0,0,0,0,0,0,0,0
Dimethyl fumarate,0,0,1,0,4,0,1,2,0,0
Dinoprostone,0,0,0,0,0,0,0,0,0,0
Diovan,0,0,1,0,0,0,1,10,0,0
Diovan HCT,2,0,0,0,0,2,0,0,0,0
Diphenhydramine,4,1,0,0,4,11,2,16,0,0
Diphenhydramine / naproxen,0,1,0,0,0,1,0,0,0,0
Diprivan,0,0,0,0,0,0,0,0,0,0
Disulfiram,0,0,0,0,0,0,0,2,0,0
Ditropan,0,1,0,0,0,0,4,0,0,0
Diurex Water Capsules,0,0,0,0,0,0,0,0,0,0
Divalproex sodium,14,1,2,0,12,7,2,14,2,0
Divigel,0,0,0,0,0,0,0,0,0,0
Docetaxel,0,1,0,0,0,0,0,0,0,0
Docosanol,0,6,2,0,2,0,0,80,0,0
Doculax,0,0,0,0,0,0,1,0,0,0
Docusate,0,0,1,0,0,0,2,0,0,0
Docusate / senna,0,0,0,0,0,0,1,0,0,0
Dofetilide,2,0,0,0,0,0,0,2,0,0
Dolobid,0,0,0,0,0,0,0,0,0,0
Dolutegravir,0,0,0,0,2,0,0,2,0,0
Donepezil,0,0,0,0,2,7,1,2,0,0
Dong quai,2,0,0,0,0,0,0,4,0,0
Doryx,0,9,0,0,0,0,0,0,0,0
Dorzolamide,0,3,0,0,0,0,0,0,0,0
Dorzolamide / timolol,0,0,0,0,0,0,0,0,0,0
Dostinex,0,0,0,0,0,0,0,2,0,0
Dovonex,0,0,0,0,0,0,0,0,0,0
Doxazosin,0,0,0,0,0,2,1,2,0,0
Doxepin,10,0,0,0,4,44,2,22,0,0
Doxorubicin,0,0,0,0,0,0,1,0,0,0
Doxy 100,0,0,0,0,0,0,0,0,0,0
Doxycycline,28,60,9,0,30,2,22,28,1,0
Doxylamine,4,0,0,0,8,10,0,0,0,0
Doxylamine / pyridoxine,4,1,2,0,10,1,13,4,0,0
Dronabinol,0,0,0,0,0,0,1,2,0,0
Dronedarone,2,0,0,0,0,0,2,0,0,0
Droperidol,0,0,0,0,0,0,2,2,0,0
Drospirenone / estradiol,0,0,1,0,0,0,1,0,0,0
Drospirenone / ethinyl estradiol,60,108,29,0,120,76,40,68,3,0
Drospirenone / ethinyl estradiol / levomefolate calcium,10,9,4,0,18,14,7,10,2,0
Drysol,0,0,0,0,0,0,0,2,0,0
Duac,0,33,6,0,0,0,0,0,0,0
Duavee,0,0,0,0,0,0,0,0,0,0
Duexis,0,0,0,0,0,0,1,0,0,0
Dulaglutide,20,5,7,0,24,3,51,40,1,0
Dulcolax,0,2,42,0,54,7,119,120,1,0
Dulcolax Laxative,0,0,5,0,0,0,8,4,0,0
Dulera,0,0,0,0,0,2,0,6,0,0
Duloxetine,58,6,2,0,72,84,56,145,0,0
Dupilumab,0,0,1,0,0,0,0,0,0,0
Dupixent,0,0,1,0,0,0,0,0,0,0
Duragesic,0,2,0,0,0,0,0,0,0,0
Duramorph,0,0,0,0,0,0,0,0,0,0
Dutasteride,0,0,0,0,0,0,0,0,0,0
Dutasteride / tamsulosin,0,0,0,0,2,0,1,4,0,0
Dyanavel XR,0,0,0,0,0,0,0,2,0,0
Dyazide,0,0,0,0,0,0,2,2,0,0
Dymista,10,2,0,0,6,0,2,6,0,0
EContra EZ,0,0,1,0,2,0,0,0,0,0
Econazole,0,0,0,0,0,0,0,0,0,0
Edarbi,0,0,1,0,0,0,0,8,0,0
Edarbyclor,0,0,0,0,0,0,0,0,0,0
Edex,0,0,0,0,0,0,0,0,0,0
Efavirenz,0,0,0,0,2,0,1,0,0,0
Efavirenz / emtricitabine / tenofovir,0,0,0,0,0,0,0,2,0,0
Effexor,10,1,2,0,18,31,16,62,1,0
Effexor XR,8,1,2,0,18,25,13,34,0,0
Effient,0,0,0,0,0,0,0,2,0,0
Efinaconazole,2,1,0,0,0,0,0,0,0,0
Eflornithine,0,0,0,0,0,0,0,0,0,0
Efudex,0,1,1,0,2,0,1,2,0,0
Egrifta,0,1,0,0,0,0,0,0,0,0
Elavil,6,0,1,0,2,0,0,6,0,0
Elbasvir / grazoprevir,0,0,0,0,0,0,0,2,0,0
Eletriptan,4,0,0,0,2,0,2,0,0,0
Elidel,0,1,0,0,0,0,0,2,0,0
Eligard,0,0,0,0,0,0,0,0,0,0
Elimite,0,0,0,0,0,0,0,0,0,0
Eliquis,4,0,0,0,2,0,1,8,0,0
Elmiron,5,0,2,0,0,0,4,4,0,0
Elocon,0,1,0,0,0,0,0,0,0,0
Eluxadoline,4,0,2,0,4,0,4,2,0,0
Embeda,6,0,0,0,2,2,5,10,0,0
Emetrol,0,0,0,0,0,0,0,0,0,0
Emla,0,0,0,0,0,0,0,0,0,0
Emollients,0,6,3,0,0,1,0,0,0,0
Empagliflozin,0,0,0,0,0,0,0,2,0,0
Empagliflozin / linagliptin,0,0,0,0,0,0,0,0,0,0
Emtricitabine / rilpivirine / tenofovir,0,0,0,0,0,2,1,2,0,0
Emtricitabine / tenofovir,0,0,1,0,0,0,2,2,0,0
EnLyte,0,0,0,0,0,0,0,0,0,0
Enablex,0,0,0,0,0,0,1,2,0,0
Enalapril,0,0,0,0,0,0,0,0,0,0
Enbrel,2,4,0,0,2,0,1,2,0,0
Endocet,0,0,0,0,0,0,1,0,0,0
Enskyce,0,0,2,0,0,0,0,0,0,0
Enstilar,0,0,1,0,0,0,0,0,0,0
Entacapone,0,0,0,0,0,0,0,0,0,0
EnteraGam,4,1,0,0,2,0,3,0,0,0
Entocort EC,0,0,0,0,0,0,1,2,0,0
Entresto,0,0,0,0,2,0,0,0,0,0
Entyvio,0,0,1,0,2,0,5,4,0,0
Enzalutamide,0,0,0,0,0,0,0,2,0,0
Epclusa,2,0,1,0,0,2,1,2,0,0
EpiCeram,0,1,0,0,0,0,0,0,0,0
Epidrin,0,0,0,0,2,0,0,2,0,0
Epiduo,0,107,24,0,4,1,0,6,0,0
Epiduo Forte,0,1,2,0,0,0,0,0,0,0
Epinephrine,0,0,0,0,0,0,0,0,0,0
Epitol,0,0,0,0,0,0,0,0,0,0
Epoetin alfa,0,0,0,0,2,0,0,2,0,0
Erbitux,0,0,0,0,0,0,0,0,0,0
Ergocalciferol,4,0,0,0,2,0,0,0,0,0
Ergotamine,2,0,0,0,0,0,0,0,0,0
Errin,2,1,4,0,0,1,0,4,0,0
Erythromycin,0,0,0,0,0,0,0,0,0,0
Escitalopram,38,3,2,0,54,62,27,72,1,0
Esgic-Plus,2,0,0,0,0,0,0,0,0,0
Eslicarbazepine,0,0,0,0,0,0,0,2,0,0
Esomeprazole,10,2,4,0,4,0,5,8,0,0
Esomeprazole / naproxen,0,1,0,0,0,2,4,0,0,0
Estarylla,12,12,12,0,28,23,10,8,1,0
Estrace,0,1,0,0,0,0,0,0,0,0
Estrace Vaginal Cream,0,3,6,0,0,0,0,0,0,0
Estradiol,8,10,11,0,8,2,2,12,0,0
Estradiol / levonorgestrel,2,0,0,0,2,0,0,0,0,0
Estradiol / norethindrone,0,0,0,0,0,0,1,2,0,0
Estradiol Patch,4,1,0,0,0,2,0,0,0,0
Estring,0,0,0,0,2,0,0,0,0,0
Eszopiclone,6,0,0,0,12,34,2,12,0,0
Etanercept,0,4,0,0,0,2,1,2,0,0
Ethambutol,0,0,0,0,0,0,0,0,0,0
Ethinyl estradiol / ethynodiol,2,3,1,0,2,5,2,4,0,0
Ethinyl estradiol / etonogestrel,54,38,23,0,76,32,28,78,3,0
Ethinyl estradiol / folic acid / levonorgestrel,2,3,0,0,2,0,0,0,0,0
Ethinyl estradiol / levonorgestrel,178,225,201,0,202,122,165,156,26,0
Ethinyl estradiol / norelgestromin,60,27,11,0,30,29,31,30,0,0
Ethinyl estradiol / norethindrone,296,378,224,0,314,229,233,300,20,0
Ethinyl estradiol / norgestimate,194,231,114,0,260,159,251,178,8,0
Ethinyl estradiol / norgestrel,18,18,5,0,18,24,9,10,0,0
Etodolac,0,0,2,0,0,0,2,0,0,0
Etonogestrel,281,265,264,0,330,176,77,320,20,0
Eucrisa,0,3,3,0,0,0,0,0,0,0
Euflexxa,4,1,0,0,2,0,1,2,0,0
Evamist,0,0,0,0,0,0,0,0,0,0
Evekeo,0,0,0,0,0,0,0,0,0,0
Evening Primrose Oil,0,0,0,0,0,0,0,0,0,0
Everolimus,0,2,1,0,0,0,1,0,0,0
Evista,0,0,1,0,0,0,0,0,0,0
Evolocumab,0,3,0,0,2,0,0,2,0,0
Evoxac,0,0,0,0,0,0,0,4,0,0
Ex-Lax Maximum Relief Formula,0,0,0,0,0,0,0,0,0,0
Exalgo,0,0,0,0,0,0,0,0,0,0
Excedrin,2,0,0,0,2,0,0,2,1,0
Excedrin PM,0,0,0,0,0,0,0,0,0,0
Exelon,2,0,0,0,0,0,1,0,0,0
Exemestane,4,3,1,0,2,4,3,16,0,0
Exenatide,0,4,2,0,6,2,20,8,1,0
Exforge,2,0,0,0,0,0,0,0,0,0
Eylea,0,0,0,0,0,0,0,0,0,0
Ezetimibe,0,0,2,0,2,2,0,18,0,0
Ezetimibe / simvastatin,0,0,1,0,0,0,0,0,0,0
Factive,0,2,0,0,0,0,0,0,0,0
Falmina,6,4,2,0,4,4,1,6,0,0
Famciclovir,2,0,0,0,0,0,0,2,0,0
Famotidine,0,0,1,0,2,0,2,0,0,0
Famotidine / ibuprofen,0,0,0,0,0,0,1,0,0,0
Fanapt,0,0,0,0,2,0,0,2,0,0
Farxiga,4,0,1,0,2,0,2,4,0,0
Faslodex,0,0,0,0,0,0,0,0,0,0
Fastin,0,0,0,0,0,0,1,0,1,0
Febuxostat,0,0,1,0,0,0,0,0,0,0
Felbamate,0,0,0,0,0,0,0,0,0,0
Felbatol,0,0,0,0,0,0,0,0,0,0
Felodipine,0,0,0,0,0,0,0,0,0,0
Femara,2,0,0,0,0,0,1,6,0,0
Femring,0,0,0,0,0,0,0,2,0,0
Fenofibrate,0,0,1,0,0,0,0,0,0,0
Fenofibric acid,0,0,0,0,0,0,0,4,0,0
Fentanyl,2,2,0,0,2,0,0,8,0,0
Fentanyl Transdermal System,0,0,0,0,0,0,1,0,0,0
Ferrous sulfate,2,0,0,0,0,0,2,0,0,0
Fesoterodine,2,0,0,0,4,4,6,6,0,0
Fetzima,10,3,0,0,6,15,15,28,0,0
Fexmid,0,0,0,0,0,2,0,0,0,0
Fexofenadine,4,3,0,0,0,0,1,2,0,0
Fexofenadine / pseudoephedrine,0,1,0,0,0,4,0,0,0,0
Finacea,0,5,2,0,0,0,0,0,0,0
Finasteride,0,0,0,0,4,1,1,4,0,0
Fingolimod,2,1,0,0,0,0,1,4,0,0
Fioricet,14,1,0,0,0,0,0,0,0,0
Fiorinal,2,0,0,0,0,0,0,2,0,0
Firazyr,0,0,0,0,0,0,0,0,0,0
Flagyl,10,3,4,0,14,18,12,20,0,0
Flavoxate,0,0,0,0,0,0,0,0,0,0
Flecainide,0,0,0,0,0,3,0,12,0,0
Flector Patch,0,0,1,0,0,0,0,0,0,0
Fleet Bisacodyl,2,0,1,0,0,0,1,0,0,0
Fleet Enema,0,0,1,0,0,0,0,0,0,0
Flexeril,0,0,0,0,0,3,4,4,0,0
Flibanserin,0,0,0,0,0,0,0,0,0,0
Flomax,0,1,0,0,2,4,2,18,0,0
Flonase,0,1,1,0,0,0,0,0,0,0
Flonase Allergy Relief,0,0,0,0,0,0,0,0,0,0
Flovent,0,0,0,0,0,1,0,2,0,0
FluMist,2,0,0,0,2,0,0,6,0,0
FluMist Quadrivalent,2,0,0,0,0,0,0,2,0,0
Fluconazole,8,14,18,0,6,2,4,12,0,0
Fludrocortisone,0,0,0,0,0,0,0,0,0,0
Fluocinolone / hydroquinone / tretinoin,0,0,4,0,0,2,0,0,0,0
Fluocinonide,0,0,0,0,0,0,0,0,0,0
Fluoride,0,0,0,0,0,0,0,0,0,0
Fluorouracil,0,2,2,0,2,0,1,2,0,0
Fluoxetine,2,0,0,0,43,60,8,50,0,0
Fluoxetine / olanzapine,0,0,0,0,0,0,0,0,0,0
Fluphenazine,0,0,0,0,0,0,0,0,0,0
Fluticasone,4,3,2,0,0,6,2,2,0,0
Fluticasone / salmeterol,0,0,0,0,0,0,1,2,0,0
Fluticasone / vilanterol,4,0,0,0,2,0,0,6,0,0
Fluvoxamine,10,0,0,0,6,3,4,14,1,0
Fluzone,2,0,0,0,0,0,1,0,0,0
Focalin,4,0,0,0,8,1,0,4,0,0
Focalin XR,0,0,0,0,0,0,0,0,0,0
Folotyn,0,0,0,0,0,0,0,2,0,0
Foradil Aerolizer,0,0,0,0,0,0,0,0,0,0
Formoterol,0,0,0,0,0,0,0,0,0,0
Formoterol / mometasone,0,0,0,0,0,2,0,8,0,0
Forteo,4,1,0,0,4,4,3,18,0,0
Fortesta,0,0,0,0,0,0,0,2,0,0
Fortical,0,0,1,0,0,0,0,0,0,0
Fosamax,6,0,0,0,0,0,4,0,0,0
Fosfomycin,0,0,0,0,0,0,2,0,0,0
Fosrenol,0,0,0,0,0,0,0,0,0,0
Frova,0,0,0,0,0,0,0,0,0,0
Frovatriptan,0,0,0,0,0,0,0,0,0,0
Fulvestrant,0,0,0,0,0,0,0,0,0,0
Furosemide,2,1,0,0,0,0,1,0,0,0
Fycompa,0,0,0,0,0,0,0,4,0,0
Gabapentin,34,7,11,0,42,34,10,52,0,0
Gabapentin enacarbil,0,0,0,0,0,0,0,0,0,0
Gabarone,2,0,0,0,2,0,0,2,0,0
Gabitril,0,0,0,0,0,0,0,0,0,0
Gablofen,0,0,0,0,0,0,0,0,0,0
Gadavist,0,0,0,0,0,0,1,2,0,0
Gadobutrol,0,0,0,0,0,0,1,2,0,0
Gadopentetate dimeglumine,0,1,0,0,0,0,0,2,0,0
Gadoxetate disodium,0,0,1,0,0,0,0,0,0,0
Galantamine,0,0,0,0,0,0,0,0,0,0
Gardasil,2,1,0,0,2,0,3,2,0,0
Gas-X,0,0,0,0,0,0,0,0,0,0
Gatifloxacin,0,0,0,0,0,0,0,0,0,0
GaviLyte-C,0,0,0,0,0,0,2,0,0,0
GaviLyte-N,0,0,0,0,0,0,0,0,0,0
Gelnique,2,0,0,0,0,0,0,0,0,0
Gemfibrozil,2,0,0,0,2,2,0,6,0,0
Gemifloxacin,0,2,0,0,0,0,0,0,0,0
GenTeal,0,0,0,0,0,0,0,0,0,0
Generess Fe,0,4,3,0,6,5,6,14,1,0
Genvoya,2,0,0,0,4,0,1,2,0,0
Geodon,4,1,0,0,4,12,4,20,0,0
Gianvi,8,19,4,0,24,8,5,4,1,0
Gildess 1 / 20,0,0,1,0,2,1,1,0,0,0
Gildess 1.5 / 30,0,0,0,0,2,1,0,0,0,0
Gildess 24 Fe,0,0,1,0,2,1,0,0,0,0
Gildess Fe 1 / 20,16,45,21,0,34,21,27,12,0,0
Gildess Fe 1.5 / 30,2,2,1,0,0,0,2,6,0,0
Gilenya,0,1,0,0,0,1,1,0,0,0
Ginseng,0,0,0,0,0,0,0,2,0,0
Glatiramer,0,3,3,0,0,2,1,12,0,0
Glatopa,0,0,0,0,0,0,0,2,0,0
Gleevec,0,0,0,0,0,0,1,0,0,0
Glimepiride,2,0,0,0,2,1,0,2,1,0
Glipizide,6,1,0,0,0,0,3,2,0,0
Glipizide / metformin,0,0,0,0,0,0,0,0,0,0
Glucophage,4,0,0,0,0,0,2,2,0,0
Glucotrol,2,0,0,0,0,0,1,2,0,0
Glutamine,0,0,0,0,0,0,0,0,0,0
Glyburide,0,0,0,0,0,0,0,0,0,0
Glyburide / metformin,0,0,0,0,0,0,0,0,0,0
Glycerin,0,0,0,0,0,0,0,0,0,0
Glyxambi,0,0,0,0,0,0,0,0,0,0
GoLYTELY,1,0,0,0,0,0,0,2,0,0
Golimumab,0,0,0,0,0,0,1,4,0,0
Goody's Extra-Strength Headache Powders,0,0,0,0,0,0,0,0,0,0
Goserelin,4,1,1,0,0,2,3,6,0,0
Gramicidin / neomycin / polymyxin b,0,0,0,0,0,0,0,0,0,0
Gris-PEG,0,0,0,0,0,0,0,0,0,0
Griseofulvin,4,0,0,0,0,0,1,0,0,0
Guaifenesin,2,0,0,0,0,0,2,6,0,0
Guaifenesin / phenylephrine,2,0,0,0,0,0,0,0,0,0
Guaifenesin / pseudoephedrine,10,0,0,0,10,17,3,16,0,0
Guanfacine,4,2,0,0,10,21,5,24,1,0
Guarana,0,0,0,0,0,0,0,0,0,0
H.P. Acthar Gel,0,0,0,0,2,0,0,0,0,0
Hair Regrowth Treatment for Women,0,0,1,0,0,0,0,0,0,0
"Hair, Skin & Nails",2,0,0,0,0,0,0,0,0,0
Haldol,0,0,1,0,0,3,6,0,0,0
HalfLytely and Bisacodyl,0,0,0,0,0,0,0,0,0,0
Halobetasol,0,0,0,0,0,0,0,0,0,0
Haloperidol,0,0,1,0,2,5,6,6,0,0
Harvoni,6,0,2,0,2,4,2,12,0,0
Heather,0,0,0,0,0,0,0,0,0,0
Hepatitis b adult vaccine,0,0,0,0,0,0,0,0,0,0
Hiprex,0,0,0,0,0,2,0,0,0,0
Histrelin,0,0,0,0,0,0,0,0,0,0
Hizentra,0,0,0,0,2,0,0,0,0,0
Homatropine / hydrocodone,0,0,0,0,2,0,5,4,0,0
Horizant,2,0,0,0,0,0,0,0,0,0
Humalog KwikPen,0,0,0,0,0,0,0,0,0,0
Human papillomavirus vaccine,0,1,0,0,2,0,3,0,0,0
Humatin,0,0,0,0,0,0,0,0,0,0
Humira,12,10,6,0,16,6,4,10,1,0
Hyalgan,0,0,0,0,0,0,0,0,0,0
Hyaluronan,2,1,0,0,2,0,1,4,0,0
Hydralazine,4,0,0,0,2,0,0,8,0,0
Hydralazine / hydrochlorothiazide / reserpine,0,0,1,0,0,0,0,0,0,0
Hydrea,0,0,1,0,2,0,0,2,0,0
Hydrochlorothiazide,0,3,2,0,10,0,5,12,0,0
Hydrochlorothiazide / lisinopril,2,1,0,0,2,0,1,4,0,0
Hydrochlorothiazide / losartan,2,0,0,0,2,0,0,2,0,0
Hydrochlorothiazide / olmesartan,0,0,0,0,2,0,0,2,0,0
Hydrochlorothiazide / telmisartan,0,0,0,0,0,0,0,0,0,0
Hydrochlorothiazide / triamterene,4,1,0,0,6,0,4,6,0,0
Hydrochlorothiazide / valsartan,0,0,0,0,0,2,0,0,0,0
Hydrocodone,18,1,3,0,0,4,7,14,0,0
Hydrocodone / ibuprofen,0,0,0,0,2,1,0,2,0,0
Hydrocortisone,0,2,3,0,0,0,0,0,0,0
Hydrocortisone / neomycin / polymyxin b,0,0,2,0,0,0,0,0,0,0
Hydrocortisone / pramoxine,0,0,0,0,0,0,0,0,0,0
Hydromet,0,0,0,0,2,0,2,0,0,0
Hydromorphone,6,0,1,0,4,2,10,4,0,0
Hydroquinone,0,0,5,0,0,0,0,0,0,0
Hydroxocobalamin,0,0,0,0,0,0,0,0,0,0
Hydroxyamphetamine / tropicamide,0,2,1,0,2,0,0,0,0,0
Hydroxychloroquine,4,3,1,0,10,2,9,12,0,0
Hydroxyprogesterone,4,1,0,0,2,1,0,6,0,0
Hydroxyurea,2,1,1,0,4,0,0,4,0,0
Hydroxyzine,4,2,6,0,38,32,1,46,0,0
Hylan g-f 20,0,2,0,0,0,2,0,2,0,0
HyoMax SL,0,0,0,0,0,0,0,0,0,0
Hyoscyamine,2,0,0,0,0,0,1,0,0,0
Hyoscyamine / methenamine / methylene blue / phenyl salicylate,2,0,1,0,0,0,0,0,0,0
Hyoscyamine / methenamine / methylene blue / phenyl salicylate / sodium biphosphate,0,0,1,0,0,0,0,0,0,0
Hypercare,0,2,2,0,0,2,0,8,0,0
Hysingla ER,10,1,2,0,0,0,5,8,0,0
Hytrin,2,0,0,0,0,0,1,2,0,0
Hyzaar,0,0,0,0,2,0,0,4,0,0
Ibandronate,6,0,0,0,0,0,2,0,0,0
Ibrance,0,0,0,0,2,2,0,7,0,0
Ibrutinib,0,0,0,0,0,0,0,0,0,0
Ibuprofen,4,0,0,0,0,0,0,0,0,0
Ibuprofen / pseudoephedrine,2,0,0,0,0,0,0,2,0,0
Icatibant,0,0,0,0,0,0,0,0,0,0
Iclusig,0,0,0,0,0,0,0,0,0,0
Icosapent,0,0,0,0,0,0,0,2,0,0
Ilevro,0,0,0,0,0,0,0,0,0,0
Iloperidone,0,0,0,0,4,2,0,6,0,0
Imatinib,0,0,0,0,0,0,1,0,0,0
Imbruvica,0,0,0,0,0,0,0,0,0,0
Imdur,0,0,0,0,2,0,1,4,0,0
Imipramine,2,0,0,0,0,2,3,6,0,0
Imiquimod,4,8,7,0,2,0,2,4,0,0
Imitrex,6,0,0,0,6,1,1,2,0,0
Imitrex Statdose,0,0,0,0,0,0,0,0,0,0
Immune globulin oral,4,1,0,0,2,0,3,0,0,0
Immune globulin subcutaneous,2,0,0,0,2,0,1,0,0,0
Imodium,0,0,0,0,0,0,0,0,0,0
Imodium A-D,0,0,0,0,0,0,0,0,0,0
Implanon,106,73,66,0,116,46,21,86,9,0
Imuran,4,0,0,0,2,0,0,6,0,0
Inapsine,0,0,0,0,0,0,2,2,0,0
Incivek,0,0,0,0,2,0,0,0,0,0
Incruse Ellipta,0,0,0,0,0,0,1,0,0,0
Inderal,2,0,0,0,2,4,0,2,0,0
Inderal LA,2,0,0,0,0,0,0,0,0,0
Indocin,0,0,1,0,0,0,1,2,0,0
Indomethacin,0,0,0,0,2,0,1,4,0,0
Infliximab,2,3,0,0,2,0,1,6,0,0
"Influenza virus vaccine, inactivated",2,0,0,0,0,0,1,0,0,0
"Influenza virus vaccine, live, trivalent",4,0,0,0,2,0,0,8,0,0
Insulin aspart,0,0,1,0,0,0,0,0,0,0
Insulin degludec,2,0,1,0,4,0,2,13,0,0
Insulin detemir,0,0,0,0,0,0,0,0,0,0
Insulin glargine,0,0,0,0,0,2,0,2,0,0
"Insulin inhalation, rapid acting",0,0,0,0,0,0,0,0,0,0
Insulin lispro,0,0,0,0,0,0,0,0,0,0
Intal,0,0,0,0,0,0,0,0,0,0
Interferon alfa-2b,0,0,0,0,0,0,0,0,0,0
Interferon beta-1a,2,0,0,0,0,0,0,0,0,0
Intron A,0,0,0,0,0,0,0,0,0,0
Intuniv,4,1,0,0,8,15,3,22,0,0
Invega,0,0,0,0,7,4,0,4,2,0
Invega Sustenna,2,0,0,0,2,2,1,4,0,0
Invega Trinza,0,0,0,0,0,0,0,0,0,0
Invokana,2,2,6,0,6,0,5,24,0,0
Ionamin,0,0,0,0,0,2,0,0,0,0
Ipratropium,0,0,0,0,0,0,0,0,0,0
Irbesartan,2,1,0,0,2,0,3,20,0,0
Iron sucrose,2,0,0,0,0,0,0,0,0,0
Isoniazid,0,0,1,0,0,0,2,0,0,0
Isosorbide dinitrate,0,0,0,0,0,0,0,0,0,0
Isosorbide mononitrate,8,0,0,0,2,0,1,0,0,0
Isotretinoin,4,46,1,0,2,3,1,0,0,0
Istodax,0,0,0,0,0,0,0,0,0,0
Itraconazole,0,0,0,0,2,0,0,0,0,0
Ivermectin,0,6,4,0,0,4,0,0,0,0
Ixekizumab,0,2,4,0,0,0,0,0,0,0
Jakafi,2,0,0,0,0,0,0,0,0,0
Jalyn,0,0,0,0,0,0,0,2,0,0
Janumet,6,0,0,0,2,0,2,4,1,0
Januvia,0,1,0,0,2,0,5,6,0,0
Jardiance,0,0,0,0,0,0,0,2,0,0
Jencycla,0,1,0,0,2,0,1,2,0,0
Jentadueto,0,0,0,0,2,0,0,0,0,0
Jolessa,4,11,19,0,6,2,1,4,2,0
Jolivette,4,7,2,0,10,11,4,4,2,0
Jublia,0,3,0,0,0,0,0,0,0,0
Juleber,0,0,0,0,0,0,0,0,0,0
Junel 1 / 20,2,0,0,0,0,0,1,0,0,0
Junel 1.5 / 30,0,0,0,0,0,0,0,2,0,0
Junel Fe 1 / 20,14,24,16,0,44,20,18,6,2,0
Junel Fe 1.5 / 30,8,4,3,0,0,2,2,4,0,0
Kadian,0,0,0,0,0,0,0,0,0,0
Kapidex,0,1,0,0,0,0,1,0,0,0
Kapvay,0,0,0,0,0,2,0,2,0,0
Kariva,10,9,4,0,6,3,1,14,0,0
Kazano,0,0,0,0,0,0,0,0,0,0
Keflex,2,1,0,0,0,0,2,8,0,0
Kenalog-10,0,0,0,0,0,0,0,0,0,0
Kenalog-40,0,1,0,0,0,0,0,4,0,0
Keppra,6,0,0,0,12,9,1,16,0,0
Keppra XR,0,0,0,0,0,0,0,0,0,0
Kerydin,0,0,0,0,0,0,0,0,0,0
Ketamine,0,0,0,0,0,2,0,0,0,0
Ketoconazole,0,0,1,0,0,0,0,0,0,0
Ketorolac,7,2,2,0,2,2,1,2,0,0
Keytruda,0,0,0,0,0,0,0,0,0,0
Klonopin,4,0,0,0,10,11,1,10,0,0
Klor-Con,0,0,0,0,0,0,0,0,0,0
Kombiglyze XR,0,0,0,0,0,0,2,0,0,0
Kybella,2,0,0,0,0,0,0,0,0,0
Kyleena,2,3,12,0,2,0,6,12,0,0
L-methylfolate,2,0,0,0,0,2,1,4,0,0
LMX 4,0,0,0,0,0,0,0,0,0,0
Lacosamide,2,0,0,0,0,0,2,2,0,0
Lactaid,0,0,1,0,0,0,2,0,0,0
Lactase,0,0,1,0,2,0,6,0,0,0
Lactobacillus acidophilus,0,0,0,0,0,0,1,2,0,0
Lactulose,0,0,0,0,0,0,0,0,0,0
Lamictal,12,8,2,0,2,7,6,3,1,0
Lamisil,4,3,1,0,2,0,1,2,0,0
Lamisil AT,0,0,0,0,0,0,0,0,0,0
Lamotrigine,18,11,2,0,4,21,6,17,1,0
Lansoprazole,4,0,1,0,0,0,2,0,0,0
Lanthanum carbonate,0,0,0,0,0,0,0,0,0,0
Lantus,0,0,0,0,0,0,0,2,0,0
Lantus Solostar,0,0,0,0,0,0,0,0,0,0
Lariam,0,0,0,0,0,2,0,0,1,0
Larin 24 Fe,0,0,0,0,0,0,0,2,0,0
Larin Fe 1 / 20,0,1,0,0,0,0,0,4,0,0
Larissia,0,0,1,0,0,0,1,0,0,0
Lasix,0,2,0,0,0,0,0,0,0,0
Lastacaft,0,9,0,0,0,0,0,0,0,0
Latanoprost,0,0,0,0,2,0,0,4,0,0
Latuda,6,1,0,0,36,34,8,24,1,0
Leader Nicotine Polacrilex,0,1,0,0,0,0,0,0,0,0
Ledipasvir / sofosbuvir,2,0,2,0,2,4,0,10,0,0
Leflunomide,2,0,0,0,0,0,1,2,0,0
Lenalidomide,0,0,0,0,0,0,0,0,0,0
Lessina,2,3,0,0,0,0,1,0,0,0
Letairis,0,0,0,0,0,0,0,0,0,0
Letrozole,2,4,0,0,2,6,3,19,0,0
Leuprolide,18,4,0,0,4,14,3,13,0,0
Levaquin,10,7,5,0,12,4,8,32,0,0
Levemir,0,0,0,0,0,0,0,2,0,0
Levetiracetam,6,1,1,0,18,15,1,30,0,0
Levitra,4,1,0,0,4,0,0,2,0,0
Levlen,0,2,0,0,0,1,2,0,0,0
Levocetirizine,2,2,3,0,10,1,1,26,0,0
Levofloxacin,37,15,6,0,20,30,19,68,0,0
Levomilnacipran,10,2,1,0,18,18,15,38,0,0
Levonorgestrel,133,135,294,0,146,55,91,234,5,0
Levora,4,14,9,0,10,6,8,6,3,0
Levorphanol,0,0,0,0,0,2,0,0,0,0
Levothroid,0,0,0,0,0,0,1,0,0,0
Levothyroxine,16,3,2,0,14,20,8,78,0,0
Levoxyl,2,0,0,0,0,0,0,2,0,0
Levsin,2,0,0,0,0,0,1,0,0,0
Lexapro,34,2,1,0,47,43,16,60,1,0
Lexiscan,0,1,1,0,0,0,0,0,0,0
Lialda,4,0,1,0,4,0,1,0,0,0
Librax,0,0,0,0,0,0,0,0,0,0
Librium,0,0,0,0,0,0,0,0,0,0
Lidex,0,0,0,0,0,0,0,0,0,0
Lidocaine,2,4,2,0,0,0,0,8,0,0
Lidocaine Viscous,0,0,0,0,0,0,0,0,0,0
Lidoderm,0,0,0,0,0,0,0,0,0,0
Lifitegrast,4,9,7,0,0,0,0,2,0,0
Liletta,14,15,34,0,6,1,5,12,3,0
Limbrel,0,0,0,0,4,0,1,0,0,0
Linaclotide,6,2,5,0,10,5,58,10,0,0
Linagliptin,2,1,1,0,0,0,0,4,0,0
Linagliptin / metformin,0,0,0,0,2,0,0,0,0,0
Linzess,8,3,5,0,8,4,48,10,0,0
Lioresal,2,0,0,0,0,0,1,2,0,0
Lioresal Intrathecal,0,0,0,0,0,0,0,0,0,0
Liothyronine,2,0,0,0,0,2,0,0,0,0
Lipitor,2,0,1,0,0,1,0,8,0,0
Liraglutide,32,3,4,0,26,5,48,40,9,0
Lisdexamfetamine,8,3,1,0,24,21,4,16,1,0
Lisinopril,42,15,8,0,46,8,9,64,0,0
Lithium,2,1,0,0,8,6,2,16,0,0
Lithobid,0,0,0,0,0,0,0,0,0,0
Livalo,4,0,2,0,2,2,0,8,0,0
Lo / Ovral,2,2,1,0,0,0,1,0,0,0
Lo / Ovral-28,3,0,1,0,2,0,0,0,0,0
Lo Loestrin Fe,48,86,60,0,92,39,41,62,5,0
LoSeasonique,4,6,20,0,2,0,3,2,0,0
Loestrin 21 1 / 20,2,2,0,0,0,0,1,6,0,0
Loestrin 21 1.5 / 30,0,0,1,0,0,0,0,0,0,0
Loestrin 24 Fe,40,64,34,0,38,46,34,38,4,0
Loestrin Fe 1 / 20,2,2,1,0,0,0,0,0,0,0
Lomotil,0,0,0,0,2,1,3,0,0,0
Loperamide,0,0,0,0,0,0,0,0,0,0
Lopressor,0,0,0,0,0,0,0,0,0,0
Loratadine,0,1,1,0,2,4,0,4,0,0
Loratadine / pseudoephedrine,2,2,0,0,2,6,1,2,0,0
Lorazepam,0,1,1,0,6,11,4,16,0,0
Lorcaserin,58,0,2,0,26,11,9,64,9,0
Lorcet 10 / 650,0,0,1,0,0,0,0,0,0,0
Lortab,0,0,0,0,0,3,1,0,0,0
Loryna,4,8,0,0,10,10,3,12,1,0
Lorzone,0,0,0,0,0,0,0,0,0,0
Losartan,14,4,4,0,12,9,9,30,0,0
Lotemax,0,0,0,0,0,2,0,0,0,0
Lotensin,0,0,0,0,0,0,0,0,0,0
Loteprednol,0,0,0,0,0,2,0,0,0,0
Lotrel,0,0,0,0,0,0,0,0,0,0
Lovastatin,0,0,0,0,0,0,0,0,0,0
Lovaza,0,0,0,0,0,0,0,0,0,0
Loxapine,2,1,0,0,0,0,1,0,0,0
Lubiprostone,10,0,0,0,4,2,35,16,0,0
Lumigan,0,0,0,0,0,0,0,4,0,0
Lunesta,2,0,0,0,6,20,2,12,0,0
Lupron,4,2,0,0,0,0,0,4,0,0
Lupron Depot,12,0,0,0,6,14,4,7,0,0
Lupron Depot-PED,0,1,0,0,2,0,0,0,0,0
Lurasidone,4,0,0,0,26,34,9,30,2,0
Lutera,18,16,13,0,20,9,13,8,2,0
Luvox,6,0,0,0,4,5,4,12,0,0
Luvox CR,0,0,0,0,0,0,0,0,0,0
Lybrel,0,0,1,0,0,0,1,0,0,0
Lyrica,16,4,7,0,22,13,9,42,2,0
Lysine,0,1,0,0,0,0,0,2,0,0
Lysteda,0,0,0,0,0,0,0,0,0,0
Lyza,4,2,2,0,2,0,1,2,0,0
M-Zole 3,0,0,0,0,0,0,0,0,0,0
MCT,0,0,0,0,0,0,0,2,0,0
MS Contin,0,0,0,0,0,4,1,4,0,0
MVI Adult,0,0,0,0,0,0,0,0,0,0
Macrobid,70,8,10,0,38,7,41,76,0,0
Macrodantin,0,0,0,0,0,0,0,0,0,0
Magnesium citrate,0,0,0,0,0,0,5,2,0,0
Magnesium hydroxide,2,0,0,0,0,0,3,0,0,0
Magnesium oxide,0,0,0,0,0,0,1,0,0,0
Magnesium sulfate / potassium sulfate / sodium sulfate,20,1,7,0,12,0,30,12,0,0
Magnevist,0,1,0,0,0,0,0,2,0,0
Makena,0,1,0,0,2,1,0,4,0,0
Malarone,0,1,0,0,0,0,2,10,0,0
Maprotiline,0,0,0,0,0,0,0,0,0,0
Marinol,0,0,0,0,0,0,1,2,0,0
Marlissa,0,2,0,0,0,0,0,0,0,0
Mavik,0,0,0,0,0,0,0,0,0,0
Maxalt,2,0,0,0,2,0,0,4,0,0
Maxalt-MLT,0,0,0,0,2,0,1,2,0,0
Mebendazole,0,0,0,0,0,0,0,0,0,0
Meclizine,2,0,0,0,6,0,2,8,0,0
Medium chain triglycerides,0,0,0,0,0,0,0,2,0,0
Medrol,0,0,0,0,0,0,0,0,0,0
Medrol Dosepak,0,1,0,0,0,0,0,2,0,0
Medroxyprogesterone,88,79,144,0,108,46,30,144,12,0
Mefenamic acid,0,0,1,0,0,0,0,4,0,0
Mefloquine,0,0,0,0,0,2,0,0,1,0
Megace,0,0,0,0,0,0,0,0,0,0
Megace ES,0,0,0,0,0,0,0,0,0,0
Megestrol,0,1,1,0,2,2,0,2,0,0
Melatonin,6,0,1,0,8,21,5,6,0,0
Meloxicam,13,4,1,0,4,3,7,14,0,0
Melpaque HP,0,0,0,0,0,0,0,0,0,0
Melquin HP,0,0,1,0,0,0,0,0,0,0
Memantine,0,0,0,0,0,1,0,0,0,0
Menactra,0,0,0,0,0,0,0,0,0,0
Menthol / zinc oxide,0,0,1,0,0,0,0,0,0,0
Meperidine,0,0,0,0,0,0,0,0,0,0
Mepivacaine,0,0,0,0,0,0,0,0,0,0
Mepolizumab,0,0,0,0,0,0,0,0,0,0
Meprobamate,0,0,0,0,0,0,0,0,0,0
Mepron,0,0,0,0,0,0,0,0,0,0
Mercaptopurine,0,1,0,0,2,2,1,9,0,0
Meridia,2,0,0,0,0,2,1,0,0,0
Mesalamine,10,1,3,0,6,0,4,4,0,0
Mestinon,2,0,0,0,0,0,1,0,0,0
Mestranol / norethindrone,0,0,0,0,0,0,2,0,0,0
Metadate CD,0,0,0,0,0,2,0,2,0,0
Metamucil,0,0,0,0,0,2,0,0,0,0
Metaxalone,0,0,0,0,0,0,1,0,0,0
Metformin,8,3,2,0,2,0,9,12,0,0
Metformin / pioglitazone,0,0,0,0,0,0,0,0,0,0
Metformin / rosiglitazone,0,0,0,0,0,0,0,0,0,0
Metformin / saxagliptin,0,0,0,0,0,0,2,0,0,0
Metformin / sitagliptin,4,0,0,0,2,0,3,6,1,0
Methadone,0,0,0,0,0,0,2,10,0,0
Methadone Diskets,0,0,0,0,0,0,0,2,0,0
Methadose,0,0,0,0,0,0,0,0,0,0
Methamphetamine,0,0,0,0,0,0,0,2,0,0
Methenamine,0,0,0,0,0,2,0,0,0,0
Methimazole,2,1,0,0,0,0,1,2,0,0
Methocarbamol,6,0,0,0,6,12,3,6,0,0
Methotrexate,2,4,0,0,2,0,3,8,0,0
Methscopolamine,0,1,0,0,0,0,0,0,0,0
Methyl salicylate,0,0,0,0,0,0,0,0,0,0
Methylcellulose,0,0,0,0,0,0,1,0,0,0
Methylin,0,0,0,0,0,0,0,0,0,0
Methylin ER,0,0,0,0,0,0,0,0,0,0
Methylnaltrexone,2,0,0,0,2,0,5,0,0,0
Methylphenidate,6,2,0,0,10,27,3,18,1,0
Methylprednisolone,3,6,2,0,8,9,5,20,2,0
Metoclopramide,25,2,7,0,42,18,15,44,0,0
Metoprolol,6,2,3,0,2,10,4,38,0,0
Metoprolol Tartrate,0,0,1,0,0,0,0,2,0,0
MetroCream,0,0,0,0,0,0,0,0,0,0
MetroGel,0,0,0,0,0,0,0,0,0,0
MetroGel-Vaginal,2,2,2,0,0,0,1,0,0,0
Metronidazole,66,17,28,0,58,42,85,110,0,0
Mevacor,0,0,0,0,0,0,0,0,0,0
Mexiletine,0,0,0,0,0,0,0,0,0,0
Mexitil,0,0,0,0,0,0,0,0,0,0
Miacalcin,0,1,0,0,0,0,0,0,0,0
Mibelas 24 Fe,6,1,1,0,0,0,0,0,0,0
Micardis,0,1,1,0,0,0,0,4,0,0
Micardis HCT,0,0,0,0,0,0,0,2,0,0
Miconazole,2,134,689,0,142,16,5,136,0,0
Microgestin 1 / 20,4,2,4,0,2,1,4,4,0,0
Microgestin Fe 1 / 20,38,61,20,0,46,29,30,44,2,0
Microgestin Fe 1.5 / 30,10,7,2,0,8,0,8,14,1,0
Midamor,0,0,0,0,0,0,0,0,0,0
Midazolam,0,0,0,0,2,3,0,0,0,0
Midodrine,0,1,0,0,0,0,0,0,0,0
Migranal,0,1,1,0,0,0,0,0,0,0
Milnacipran,12,1,0,0,12,24,18,20,0,0
Minastrin 24 Fe,20,18,17,0,16,14,17,10,1,0
Minivelle,0,0,0,0,0,0,0,0,0,0
Minocycline,16,50,10,0,14,0,8,22,0,0
Minoxidil,6,1,3,0,0,0,1,6,0,0
MiraLax,0,0,0,0,0,0,2,0,0,0
Mirabegron,8,0,1,0,4,2,1,10,0,0
Mirapex,2,0,0,0,0,4,2,2,0,0
Mircette,2,1,0,0,0,0,0,0,0,0
Mirena,96,86,156,0,86,30,46,138,0,0
Mirtazapine,8,0,1,0,36,70,1,28,5,0
Mirvaso,4,38,10,0,6,2,0,4,0,0
Misoprostol,0,0,0,0,0,0,1,2,0,0
Mobic,0,0,1,0,0,0,0,2,0,0
Modafinil,16,0,1,0,8,9,6,12,0,0
Mometasone,4,2,0,0,0,0,0,10,0,0
Monistat 1-Day or Night Combination Pack,0,1,12,0,2,0,0,0,0,0
Monistat 3-Day Combination Pack,0,9,59,0,16,0,1,14,0,0
Monistat 7,0,13,52,0,12,0,1,12,0,0
Monistat 7-Day Combination Pack,0,8,40,0,10,0,0,4,0,0
Mono-Linyah,2,0,2,0,0,0,2,0,0,0
Monodox,0,3,0,0,0,0,2,0,0,0
Mononessa,14,5,11,0,10,6,14,16,1,0
Monovisc,0,1,0,0,0,0,0,0,0,0
Montelukast,8,7,1,0,24,31,7,34,0,0
Monurol,0,0,0,0,0,0,0,0,0,0
Morphine,2,0,0,0,0,2,3,2,0,0
Morphine / naltrexone,10,0,2,0,2,2,6,8,0,0
Movantik,6,0,9,0,6,8,35,20,0,0
MoviPrep,0,0,1,0,2,2,5,2,0,0
Moxifloxacin,5,7,4,0,6,0,9,22,0,0
Mucinex,0,0,0,0,2,0,2,4,0,0
Mucinex D,6,0,0,0,4,15,2,12,0,0
Mucinex D Maximum Strength,4,0,0,0,0,2,0,2,0,0
Mucinex DM,0,0,0,0,0,0,0,0,0,0
Mucinex DM Maximum Strength,0,0,0,0,0,0,1,0,0,0
Mucinex Maximum Strength,0,0,0,0,2,0,1,0,0,0
Mucomyst,0,0,0,0,0,0,0,0,0,0
Multaq,0,0,0,0,0,0,1,2,0,0
Multivitamin,0,1,3,0,2,0,1,0,0,0
Multivitamin with iron,0,0,0,0,0,2,0,0,0,0
Multivitamin with minerals,0,0,0,0,2,0,2,2,0,0
"Multivitamin, prenatal",2,0,0,0,0,0,0,0,0,0
Mumps virus vaccine,0,0,1,0,0,0,0,0,0,0
Mupirocin,0,0,2,0,0,0,0,0,0,0
Muse,0,0,2,0,2,0,0,2,0,0
My Way,0,0,0,0,0,0,0,0,0,0
Mycelex Troche,0,0,0,0,0,0,0,0,0,0
Mycophenolate mofetil,0,0,0,0,0,0,0,2,0,0
Mydayis,2,0,0,0,2,2,1,0,0,0
Mylanta Gas,0,0,0,0,0,0,0,0,0,0
Myobloc,2,0,1,0,0,0,0,2,0,0
Myrbetriq,10,0,1,0,4,2,4,8,0,0
NP Thyroid,0,0,0,0,0,0,0,0,0,0
Nabilone,0,0,0,0,0,0,0,0,0,0
Nabumetone,4,0,0,0,2,0,1,6,0,0
Nadolol,2,0,0,0,0,0,0,0,0,0
Nalbuphine,2,0,0,0,6,0,0,2,0,0
Naloxegol,6,1,9,0,14,6,33,8,0,0
Naloxone,0,0,0,0,0,0,0,0,0,0
Naloxone / oxycodone,0,0,0,0,0,0,0,0,0,0
Naloxone / pentazocine,0,0,0,0,2,1,1,2,0,0
Naltrexone,2,1,1,0,2,5,1,10,0,0
Namenda,0,0,0,0,0,1,0,0,0,0
Namenda XR,0,0,0,0,0,0,0,0,0,0
Naphazoline,0,2,0,0,0,0,0,0,0,0
Naphazoline / pheniramine,0,0,0,0,0,0,0,0,0,0
Naprosyn,1,0,0,0,0,0,0,0,0,0
Naproxen,5,1,5,0,12,0,12,18,0,0
Naproxen / sumatriptan,2,1,1,0,0,2,1,0,0,0
Naratriptan,0,0,0,0,0,0,0,0,0,0
Nardil,2,0,0,0,0,0,0,0,0,0
Naropin Polyamp,0,0,0,0,0,0,0,0,0,0
Nasacort,0,0,0,0,2,0,0,2,0,0
Nasacort Allergy 24HR,0,0,0,0,0,0,0,0,0,0
Nasonex,8,0,0,0,0,0,0,6,0,0
Natalizumab,2,0,0,0,4,0,1,4,0,0
Natazia,2,2,4,0,4,1,2,0,0,0
Natroba,0,1,1,0,0,0,0,0,0,0
Nature-Throid,0,0,0,0,2,2,0,2,0,0
Nebivolol,6,0,0,0,6,12,2,28,0,0
Necon 1 / 35,0,0,3,0,0,0,1,0,0,0
Necon 1 / 50,0,0,0,0,0,0,2,0,0,0
Necon 7 / 7 / 7,0,0,0,0,0,0,2,0,0,0
Nefazodone,0,0,1,0,2,1,0,2,0,0
Neo-Poly-Dex,0,0,0,0,0,0,0,0,0,0
Nepafenac,0,0,0,0,0,0,0,0,0,0
Nesina,0,0,0,0,0,0,0,0,0,0
Neulasta,0,0,0,0,2,0,0,0,0,0
Neupro,0,0,0,0,0,0,0,2,0,0
Neurontin,2,0,1,0,4,1,2,4,0,0
Nevirapine,0,0,0,0,0,0,0,0,0,0
Nexafed Nasal Decongestant,0,0,0,0,0,0,0,0,0,0
Nexavar,0,0,0,0,2,0,0,0,0,0
Nexium,8,2,4,0,4,0,4,8,0,0
Nexplanon,174,190,208,0,194,123,51,214,6,0
Next Choice,0,0,1,0,0,0,0,0,0,0
Niacin,0,1,3,0,6,0,0,0,0,0
Niacin / simvastatin,0,1,1,0,0,0,0,0,0,0
Niacinamide,0,0,0,0,2,0,0,0,0,0
Niaspan,0,2,1,0,4,0,1,0,0,0
Nicorette,0,0,0,0,0,0,0,0,0,0
Nicotine,0,1,1,0,0,3,1,2,0,0
Nicotrol Inhaler,0,0,0,0,0,0,0,0,0,0
Nicotrol NS,0,0,0,0,0,3,0,0,0,0
Nifedical XL,0,0,0,0,0,0,0,0,0,0
Nifedipine,4,1,1,0,0,4,1,10,0,0
Nikki,0,2,1,0,0,0,0,0,0,0
Nilotinib,0,0,0,0,0,0,1,0,0,0
Niraparib,0,0,0,0,0,0,0,0,0,0
Nisoldipine,2,0,0,0,0,0,0,0,0,0
Nitro-Dur,0,0,0,0,0,0,0,0,0,0
Nitrofurantoin,148,22,16,0,86,25,95,158,2,0
Nitroglycerin,2,0,0,0,0,0,0,0,0,0
Nivolumab,0,2,0,0,2,0,0,2,0,0
Nizoral A-D,0,0,0,0,0,0,0,0,0,0
NoDoz,2,0,0,0,2,1,1,2,0,0
Nolvadex,0,0,0,0,0,0,0,0,0,0
Nor-QD,0,0,0,0,0,0,0,0,0,0
Nora-Be,8,8,7,0,8,1,10,12,0,0
Norco,4,0,0,0,2,0,6,2,0,0
Norethindrone,42,46,50,0,52,31,29,54,5,0
Norflex,0,0,0,0,0,0,0,0,0,0
Norfloxacin,0,0,1,0,0,0,0,0,0,0
Norgesic Forte,2,0,0,0,0,0,0,0,0,0
Noroxin,0,0,1,0,0,0,0,0,0,0
Nortrel 1 / 35,2,3,1,0,0,2,4,2,0,0
Nortrel 7 / 7 / 7,0,1,0,0,0,0,1,0,0,0
Nortriptyline,16,1,1,0,10,20,2,8,0,0
Norvasc,8,1,1,0,2,0,1,10,0,0
Norvir,0,0,0,0,0,0,0,0,0,0
Nostrilla,0,0,0,0,0,0,0,0,0,0
Novolin 70 / 30,0,0,0,0,0,0,0,0,0,0
Novolog,0,0,2,0,0,0,0,2,0,0
NuLYTELY,2,0,0,0,0,0,0,4,0,0
Nubain,2,0,0,0,2,0,0,0,0,0
Nucala,0,0,0,0,0,0,1,2,0,0
Nucynta,16,0,0,0,12,4,5,10,0,0
Nucynta ER,0,0,0,0,0,0,0,0,0,0
NuvaRing,44,35,17,0,76,42,32,74,2,0
Nuvigil,10,0,0,0,14,4,3,32,0,0
Nystatin,0,1,2,0,0,0,0,0,0,0
Nystop,0,0,0,0,0,0,0,0,0,0
Nytol,2,0,0,0,0,0,0,2,0,0
OB Complete Gold,0,0,0,0,0,0,0,0,0,0
Oasis Tears,0,0,1,0,2,0,0,0,0,0
Ocella,6,4,4,0,6,3,4,2,0,0
Ocular lubricant,0,6,1,0,0,0,0,0,0,0
Ofloxacin,0,0,1,0,0,0,0,0,0,0
Ogestrel-28,0,0,0,0,2,2,0,0,0,0
Olanzapine,0,1,0,0,16,12,1,32,2,0
Oleptro,2,0,0,0,2,2,0,0,0,0
Olmesartan,0,0,0,0,0,2,0,6,0,0
Olodaterol,2,0,0,0,0,0,0,0,0,0
Olodaterol / tiotropium,0,0,0,0,0,0,0,0,0,0
Olopatadine,2,5,1,0,2,0,0,0,0,0
Omalizumab,2,3,2,0,2,0,1,4,0,0
Omega-3 polyunsaturated fatty acids,0,0,1,0,0,0,3,0,0,0
Omeprazole,6,0,0,0,0,0,5,4,0,0
Omeprazole / sodium bicarbonate,0,1,0,0,0,2,0,0,0,0
Omnaris,0,0,0,0,0,0,0,0,0,0
Omnicef,2,0,0,0,4,0,0,2,0,0
OnabotulinumtoxinA,16,2,2,0,14,8,3,12,0,0
Ondansetron,18,3,0,0,10,0,28,14,1,0
Onexton,0,3,1,0,0,0,0,0,0,0
Onfi,0,0,0,0,0,0,0,2,0,0
Onglyza,0,0,0,0,0,0,0,0,0,0
Onzetra Xsail,0,0,0,0,0,0,1,2,0,0
Opana,2,0,1,0,0,1,0,2,0,0
Opana ER,0,0,0,0,0,0,0,0,0,0
Opcicon One-Step,0,0,1,0,0,0,0,0,0,0
Opcon-A,0,0,0,0,0,0,0,0,0,0
Opdivo,0,2,1,0,4,0,0,4,0,0
Opium,0,0,0,0,0,0,0,0,0,0
Oracea,0,1,0,0,2,0,0,0,0,0
Orap,0,0,0,0,0,0,0,0,0,0
Orencia,2,0,0,0,0,0,0,0,0,0
Orlistat,0,0,0,0,0,0,2,0,0,0
Orphenadrine,0,1,0,0,0,0,1,2,0,0
Orsythia,20,26,11,0,12,8,14,18,1,0
Ortho Cyclen,4,4,1,0,4,8,5,0,0,0
Ortho Evra,22,9,3,0,8,1,12,8,2,0
Ortho Micronor,8,4,6,0,10,2,1,2,2,0
Ortho Tri-Cyclen,16,23,6,0,14,12,9,10,1,0
Ortho Tri-Cyclen Lo,16,17,7,0,18,11,17,10,4,0
Ortho-Cept,2,1,0,0,2,1,1,0,0,0
Orthovisc,2,1,0,0,2,0,1,4,0,0
Oseltamivir,22,4,1,0,20,11,24,18,0,0
OsmoPrep,0,1,0,0,0,0,1,0,0,0
Ospemifene,2,0,1,0,0,0,0,2,0,0
Osphena,0,0,0,0,0,0,0,0,0,0
Otezla,42,8,2,0,10,3,16,14,0,0
Oxaliplatin,0,0,0,0,0,0,0,0,0,0
Oxaprozin,0,0,0,0,0,0,0,2,0,0
Oxcarbazepine,4,0,0,0,0,4,4,12,0,0
OxyContin,2,0,1,0,2,1,1,0,0,0
Oxybutynin,4,6,4,0,0,4,7,12,0,0
Oxycodone,14,1,2,0,4,1,10,8,0,0
Oxymetazoline,0,6,3,0,0,2,0,2,0,0
Oxymorphone,2,0,1,0,4,3,1,2,0,0
Oxytrol,0,0,1,0,0,0,0,0,0,0
Paclitaxel protein-bound,0,0,0,0,0,0,0,0,0,0
Palbociclib,0,0,0,0,2,2,1,7,0,0
Paliperidone,2,0,0,0,7,14,1,10,2,0
Pamabrom,0,0,0,0,0,0,0,0,0,0
Pamelor,2,0,0,0,2,2,1,0,0,0
Pancrelipase,2,0,0,0,0,0,1,0,0,0
Panitumumab,0,0,0,0,0,0,0,0,0,0
Pantoprazole,24,1,3,0,6,2,9,16,0,0
ParaGard,20,11,33,0,28,10,14,30,0,0
Parafon Forte DSC,0,0,0,0,0,0,0,0,0,0
Paremyd,0,2,1,0,2,0,0,0,0,0
Parlodel,2,0,0,0,2,0,1,4,0,0
Parnate,0,0,1,0,0,0,0,0,0,0
Paromomycin,0,0,0,0,0,0,0,0,0,0
Paroxetine,26,0,2,0,47,22,18,48,1,0
Pataday,0,4,1,0,2,0,0,0,0,0
Patanase,2,0,0,0,0,0,0,0,0,0
Patanol,0,0,0,0,0,0,0,0,0,0
Paxil,18,1,1,0,24,11,10,40,1,0
Paxil CR,0,0,0,0,0,3,0,4,0,0
Pazeo,0,0,0,0,0,0,0,0,0,0
Pazopanib,0,0,0,0,0,0,1,4,0,0
Pedipirox-4,0,0,0,0,0,0,0,0,0,0
Peganone,0,0,0,0,2,0,0,0,0,0
Pegasys,0,0,0,0,0,0,0,2,0,0
Pegfilgrastim,0,0,0,0,2,0,0,0,0,0
Peginterferon alfa-2a,0,0,0,0,0,0,0,0,0,0
Pembrolizumab,0,0,0,0,0,0,0,0,0,0
Pemirolast,0,0,0,0,0,0,0,0,0,0
Penciclovir,0,0,0,0,0,0,0,0,0,0
Penicillin VK,0,0,0,0,0,0,0,0,0,0
Penlac Nail Lacquer,0,0,0,0,0,0,0,0,0,0
Pennsaid,0,0,0,0,0,0,0,0,0,0
Pentasa,0,0,0,0,0,0,0,2,0,0
Pentazocine,0,0,0,0,0,0,0,0,0,0
Pentosan polysulfate sodium,4,0,1,0,0,0,4,2,0,0
Pentothal,0,0,0,0,0,0,0,0,0,0
Pepcid,0,0,0,0,0,0,0,0,0,0
Pepto-Bismol,0,0,0,0,0,0,0,0,0,0
Perampanel,0,0,0,0,0,0,0,2,0,0
Percocet,2,0,0,0,2,0,5,2,0,0
Perindopril,0,0,0,0,2,0,0,2,0,0
Permethrin,0,1,1,0,0,0,0,0,0,0
Perphenazine,0,0,0,0,0,2,0,0,0,0
Phenazopyridine,4,2,5,0,2,0,3,4,0,0
Phendimetrazine,2,0,0,0,0,4,1,2,1,0
Phenelzine,0,0,0,0,0,0,0,0,0,0
Phenergan,2,0,0,0,2,1,7,2,0,0
Phenobarbital,0,0,0,0,0,0,0,0,0,0
Phenohytro,0,0,0,0,0,0,0,0,0,0
Phenol,0,0,0,0,0,0,0,2,0,0
Phentermine,12,2,3,0,12,21,7,12,10,0
Phentermine / topiramate,8,2,0,0,6,21,6,22,4,0
Phenylephrine,0,0,0,0,0,0,0,2,0,0
Phenylephrine / pramoxine,0,0,0,0,0,0,0,0,0,0
Phenytoin,2,4,1,0,2,0,1,2,0,0
Philith,0,1,0,0,0,0,1,0,0,0
Phillips' Milk of Magnesia,2,0,0,0,0,2,3,0,0,0
Phosphorated carbohydrate solution,0,0,0,0,0,0,0,0,0,0
Pimecrolimus,0,1,2,0,0,0,0,2,0,0
Pimozide,0,0,0,0,0,0,0,2,0,0
Pimtrea,2,1,0,0,0,0,1,0,0,0
Pindolol,0,0,0,0,0,0,0,0,0,0
Pioglitazone,2,0,0,0,0,0,1,2,0,0
Pirmella 1 / 35,0,1,0,0,0,0,0,0,0,0
Piroxicam,0,0,0,0,0,0,0,0,0,0
Pitavastatin,4,0,2,0,2,2,0,8,0,0
Plan B,4,2,11,0,8,3,11,8,1,0
Plan B One-Step,0,1,5,0,10,3,3,4,1,0
Plaquenil,2,1,1,0,6,2,1,4,0,0
Plavix,2,0,0,0,0,0,0,4,0,0
Plecanatide,0,0,1,0,2,0,3,2,0,0
Pletal,2,0,0,0,0,0,0,0,0,0
Pneumococcal 13-valent vaccine,0,1,0,0,0,0,0,2,0,0
Pneumococcal 23-polyvalent vaccine,0,1,0,0,0,0,0,0,0,0
Podofilox,0,0,0,0,0,0,0,0,0,0
Polidocanol,0,0,0,0,2,0,1,2,0,0
Polyethylene glycol 3350,0,0,1,0,0,0,6,4,0,0
Polyethylene glycol 3350 with electrolytes,3,1,0,0,4,4,10,10,0,0
Polymyxin b / trimethoprim,2,1,2,0,0,0,0,0,0,0
Polysporin First Aid Antibiotic Ointment,0,0,0,0,0,0,0,0,0,0
Ponstel,0,0,0,0,0,0,0,0,0,0
Portia,2,7,3,0,4,1,4,6,1,0
Potassium chloride,0,0,0,0,0,0,1,0,0,0
Povidone iodine,0,0,0,0,0,0,0,0,0,0
Pradaxa,0,1,1,0,0,0,2,0,0,0
Pralatrexate,0,0,0,0,0,0,0,2,0,0
Praluent,0,2,0,0,2,0,0,10,0,0
Pramipexole,4,0,0,0,2,2,2,2,0,0
Prasugrel,0,0,0,0,0,0,0,2,0,0
Pravachol,0,0,0,0,0,0,0,4,0,0
Pravastatin,0,0,1,0,6,2,0,10,0,0
Praziquantel,0,0,0,0,0,0,0,0,0,0
Prazosin,6,0,0,0,0,12,1,4,0,0
Prednisolone,6,1,0,0,2,2,2,2,0,0
Prednisone,2,7,0,0,4,10,5,11,0,0
Pregabalin,25,6,9,0,26,16,7,42,1,0
Premarin,0,1,0,0,0,0,1,6,0,0
Prempro,0,2,0,0,0,0,2,0,0,0
Prenatal Plus,0,0,0,0,0,0,2,0,0,0
Prepopik,0,1,2,0,4,0,5,0,0,0
Prevacid,2,0,1,0,2,0,1,2,0,0
Prevacid SoluTab,0,0,0,0,0,0,0,0,0,0
Previfem,2,5,0,0,0,0,3,0,0,0
Prevnar 13,0,1,0,0,0,0,0,2,0,0
Prevpac,0,0,0,0,0,0,3,0,0,0
Prezcobix,0,2,0,0,0,2,0,0,0,0
Prezista,0,0,0,0,0,0,0,0,0,0
Prialt,0,0,0,0,0,0,0,0,0,0
Prilosec,0,0,0,0,0,0,1,0,0,0
Primidone,0,1,0,0,0,0,2,6,0,0
Prinivil,0,0,0,0,0,0,0,0,0,0
Pristiq,34,0,3,0,42,80,24,72,2,0
Pro-Den Rx,0,0,0,0,0,0,0,0,0,0
ProAir HFA,0,0,0,0,0,0,0,0,0,0
ProAir RespiClick,0,0,0,0,2,0,1,0,0,0
ProAmatine,0,0,0,0,0,0,0,0,0,0
Probenecid and Colchicine,0,0,1,0,0,0,0,0,0,0
Procardia,2,0,0,0,0,0,0,2,0,0
Procardia XL,0,0,0,0,0,0,0,4,0,0
Prochlorperazine,12,0,1,0,10,7,14,10,0,0
Procrit,0,0,0,0,2,0,0,2,0,0
Proctofoam,0,0,0,0,0,0,0,0,0,0
Procyclidine,0,0,0,0,0,1,1,0,0,0
Proferrin-ES,0,0,0,0,0,0,1,2,0,0
Progesterone,2,0,2,0,2,0,0,4,0,0
Prograf,0,0,0,0,0,0,0,0,0,0
Prolia,12,3,5,0,2,4,5,18,0,0
Prolixin,0,0,0,0,0,0,0,0,0,0
Promethazine,2,0,0,0,0,0,8,0,0,0
Promethazine DM,0,0,0,0,0,0,0,0,0,0
Propafenone,0,0,0,0,0,0,0,0,0,0
Propecia,0,0,0,0,2,1,1,0,0,0
Propofol,12,2,3,0,10,4,2,10,1,0
Propoxyphene,0,0,0,0,0,0,0,0,0,0
Propranolol,14,1,0,0,16,17,2,48,0,0
Proscar,0,0,0,0,0,0,0,4,0,0
Protonix,4,1,0,0,0,0,3,2,0,0
Protopic,0,3,6,0,0,0,0,0,0,0
Provera,0,2,7,0,4,2,3,6,0,0
Provigil,12,0,1,0,2,4,5,4,0,0
Prozac,2,0,0,0,34,33,4,32,0,0
Pseudoephedrine,0,1,0,0,0,0,1,4,0,0
Pseudoephedrine / triprolidine,0,0,0,0,0,0,0,0,0,0
Psyllium,0,0,0,0,0,2,0,0,0,0
Pulmicort Flexhaler,0,0,0,0,0,0,0,2,0,0
Pylera,8,0,2,0,10,6,13,10,0,0
Pyrantel,0,0,0,0,0,0,0,0,0,0
Pyridium,0,1,2,0,2,0,0,0,0,0
Pyridostigmine,2,0,0,0,0,0,1,0,0,0
QNASL,0,0,0,0,0,0,0,0,0,0
Qsymia,10,2,0,0,6,25,4,20,4,0
Quasense,0,2,5,0,0,0,1,0,0,0
Qudexy XR,2,0,0,0,0,0,0,0,0,0
Questran,0,0,0,0,0,0,1,0,0,0
Quetiapine,10,3,1,0,42,76,4,46,3,0
Quibron-T,0,0,0,0,0,0,0,0,0,0
Quillivant XR,0,0,0,0,0,0,0,0,0,0
Quinapril,0,0,0,0,0,0,0,4,0,0
Quinine,0,0,0,0,0,0,0,2,0,0
Qutenza,0,0,1,0,0,0,0,0,0,0
Qvar,6,0,0,0,4,0,1,6,0,0
Rabeprazole,0,0,0,0,2,0,2,2,0,0
RadiaPlexRx,0,0,1,0,0,0,0,0,0,0
Raloxifene,0,0,1,0,0,0,0,0,0,0
Ramelteon,2,0,1,0,8,11,1,2,0,0
Ramipril,2,3,2,0,2,0,1,4,0,0
Ranexa,0,1,0,0,0,0,2,4,0,0
Ranibizumab,0,0,0,0,0,0,0,0,0,0
Ranitidine,2,0,0,0,2,0,0,0,0,0
Ranolazine,0,1,0,0,0,0,2,4,0,0
Rapaflo,2,0,0,0,0,0,0,6,0,0
Rasagiline,2,0,0,0,0,0,0,2,0,0
Readi-Cat 2,0,0,0,0,0,0,0,0,0,0
Rebetol,0,0,0,0,0,0,0,2,0,0
Rebif,2,0,0,0,0,0,1,0,0,0
Reclast,2,0,1,0,2,0,1,2,0,0
Reclipsen,18,14,6,0,10,7,12,10,1,0
RectiCare,0,0,1,0,0,0,0,0,0,0
Rectiv,2,0,0,0,0,0,0,0,0,0
Reese's Pinworm Medicine,0,0,0,0,0,0,0,0,0,0
Refresh Liquigel,0,0,0,0,0,0,0,0,0,0
Regadenoson,0,0,0,0,0,0,0,0,0,0
Reglan,24,3,2,0,20,14,11,14,0,0
Regorafenib,0,0,0,0,0,0,0,0,0,0
Relafen,0,0,0,0,0,0,0,0,0,0
Relenza,0,0,0,0,0,0,0,0,0,0
Relistor,2,0,0,0,2,0,5,2,0,0
Relpax,6,0,0,0,2,0,2,0,0,0
Remeron,0,0,0,0,4,7,0,2,2,0
Remeron SolTab,0,0,0,0,0,0,0,0,0,0
Remicade,0,2,0,0,2,0,0,2,0,0
Remodulin,0,0,0,0,0,0,1,2,0,0
Renvela,0,0,1,0,0,0,1,0,0,0
Repatha,0,3,0,0,4,0,1,4,0,0
Requip,2,0,0,0,0,6,4,2,0,0
Requip XL,0,0,0,0,0,0,0,0,0,0
Restasis,2,4,1,0,2,0,0,2,0,0
Restoril,0,0,0,0,0,0,0,0,0,0
Retapamulin,0,0,0,0,0,0,0,0,0,0
Retin-A,0,2,0,0,0,0,0,0,0,0
Revatio,0,0,0,0,0,0,0,0,0,0
Revlimid,0,0,0,0,0,0,0,0,0,0
Rexulti,0,1,0,0,10,7,2,14,0,0
Rheumatrex Dose Pack,0,0,0,0,0,0,1,2,0,0
Rhinocort Aqua,0,0,0,0,0,0,0,0,0,0
Rho (d) immune globulin,0,0,0,0,0,0,0,0,0,0
Rhofade,0,4,5,0,0,0,0,0,0,0
Ribavirin,0,0,0,0,2,2,1,2,0,0
Riboflavin,4,0,0,0,0,1,0,0,0,0
Rifampin,0,0,0,0,0,0,0,0,0,0
Rifaximin,0,0,1,0,0,4,9,2,0,0
Riociguat,0,0,0,0,0,0,0,0,0,0
Risedronate,0,0,2,0,0,2,3,2,0,0
Risperdal,0,1,0,0,5,11,1,2,1,0
Risperdal Consta,0,0,0,0,0,0,0,0,0,0
Risperdal M-Tab,0,0,0,0,0,0,0,0,0,0
Risperidone,0,2,0,0,16,15,1,16,3,0
Ritalin,0,0,0,0,4,2,1,4,0,0
Rituxan,0,1,1,0,0,0,0,0,0,0
Rituximab,2,3,2,0,0,0,1,2,0,0
Rivaroxaban,10,3,2,0,0,0,0,8,0,0
Rivastigmine,2,0,0,0,0,0,1,0,0,0
Rizatriptan,2,0,0,0,6,0,2,6,0,0
Robaxin,2,0,0,0,0,2,2,0,0,0
Robaxin-750,0,0,0,0,0,0,0,0,0,0
Robitussin CoughGels Long-Acting,0,0,0,0,0,0,0,0,0,0
Rocephin,4,0,0,0,2,2,1,2,0,0
Roflumilast,4,0,0,0,0,0,5,2,0,0
Rogaine,0,0,1,0,0,0,0,0,0,0
Rogaine Men's Extra Strength,0,1,0,0,0,0,0,0,0,0
Rogaine Women's,0,0,0,0,0,0,1,0,0,0
Romidepsin,0,0,0,0,0,0,0,0,0,0
Ropinirole,4,0,1,0,10,4,6,8,0,0
Ropivacaine,0,0,0,0,0,0,0,0,0,0
Rosiglitazone,0,0,0,0,0,0,0,0,0,0
Rosuvastatin,6,1,0,0,2,0,1,4,0,0
Rotigotine,0,0,0,0,0,0,0,0,0,0
Rowasa,0,0,0,0,0,0,0,2,0,0
Roxicet,2,0,0,0,0,0,0,0,0,0
Rozerem,0,0,0,0,6,5,0,0,0,0
Rozex,0,1,0,0,0,0,0,0,0,0
Rytary,0,0,0,0,0,0,1,0,0,0
Rythmol,0,0,0,0,0,0,0,0,0,0
Ryzolt,0,0,0,0,0,0,1,0,0,0
S-adenosylmethionine,0,0,0,0,0,0,1,4,0,0
SMZ-TMP DS,0,1,2,0,4,0,1,2,0,0
Sacubitril / valsartan,0,0,0,0,4,0,0,0,0,0
Safyral,2,3,2,0,10,3,4,0,0,0
Saliva substitutes,0,0,0,0,0,0,0,0,0,0
Salofalk,0,0,0,0,0,0,0,0,0,0
Salonpas Pain Patch,1,1,0,0,0,0,0,0,0,0
Salsalate,0,0,0,0,0,0,0,0,0,0
Sanctura,0,0,0,0,0,0,0,0,0,0
Sandostatin,0,0,0,0,0,0,1,0,0,0
Saphris,4,2,0,0,11,20,1,14,0,0
Sarafem,0,0,0,0,0,0,0,0,0,0
Savaysa,0,0,0,0,0,0,0,0,0,0
Savella,14,1,0,0,12,20,19,22,0,0
Saw palmetto,0,0,0,0,0,0,0,0,0,0
Saxagliptin,2,0,0,0,0,2,0,0,0,0
Saxenda,4,2,2,0,2,0,25,20,5,0
Scopolamine,4,4,0,0,4,0,8,2,0,0
Seasonale,2,1,4,0,2,1,0,2,0,0
Seasonique,18,19,44,0,16,1,13,14,2,0
Secukinumab,2,4,4,0,0,2,1,2,0,0
Selegiline,0,0,0,0,0,0,0,0,0,0
Selenium sulfide,0,0,0,0,0,0,0,0,0,0
Selexipag,2,1,0,0,0,0,0,0,0,0
Selsun Blue,0,0,0,0,0,0,0,0,0,0
Senna,0,0,0,0,0,0,6,0,0,0
Senna Lax,0,0,0,0,0,0,2,0,0,0
Senokot,0,0,0,0,2,0,2,0,0,0
Septra,2,0,0,0,0,0,0,0,0,0
Septra DS,0,1,0,0,0,0,0,0,0,0
Seroquel,2,1,0,0,16,23,0,14,1,0
Seroquel XR,0,0,0,0,4,8,0,6,1,0
Sertraline,32,9,3,0,90,62,23,88,3,0
Sevelamer,0,0,1,0,0,0,1,0,0,0
Sharobel,0,0,3,0,0,0,0,2,0,0
Sildenafil,10,0,0,0,0,2,1,2,0,0
Silenor,0,0,0,0,2,13,1,4,0,0
Silodosin,4,1,0,0,0,0,1,10,0,0
Simcor,0,1,1,0,0,0,0,0,0,0
Simethicone,0,0,0,0,0,0,0,0,0,0
Simply Sleep,0,0,0,0,0,0,0,4,0,0
Simponi,0,0,1,0,0,0,1,2,0,0
Simponi Aria,0,0,0,0,0,0,0,2,0,0
Simvastatin,12,1,3,0,2,4,0,14,0,0
Sinemet,0,0,0,0,0,0,0,0,0,0
Singulair,4,1,0,0,8,4,1,10,0,0
Sitagliptin,0,0,0,0,2,0,7,6,1,0
Skelaxin,0,0,0,0,0,0,0,0,0,0
Sklice,0,0,1,0,0,2,0,0,0,0
Skyla,12,31,69,0,24,15,15,56,3,0
Slow Fe,0,0,0,0,0,0,0,0,0,0
Smoothie Readi-Cat 2,0,0,0,0,0,0,0,0,0,0
Sodium biphosphate / sodium phosphate,2,1,1,0,0,0,2,0,0,0
Sodium chloride,4,1,1,0,0,0,0,2,0,0
Sodium hyaluronate,2,1,2,0,2,0,1,0,0,0
Sodium oxybate,0,0,0,0,2,4,0,4,0,0
Sofosbuvir,0,1,0,0,0,0,0,2,0,0
Sofosbuvir / velpatasvir,2,0,1,0,0,2,1,2,0,0
Solaraze,0,0,0,0,0,0,0,0,0,0
Solarcaine Burn Relief,0,0,0,0,0,0,0,0,0,0
Solifenacin,8,0,1,0,4,1,8,12,0,0
Solodyn,2,13,1,0,0,0,1,6,0,0
Soma,2,0,0,0,0,5,1,4,0,0
Somatropin,0,0,0,0,0,0,0,0,0,0
Sominex,0,0,0,0,0,2,0,4,0,0
Somnote,0,0,0,0,0,0,0,0,0,0
Sonata,0,0,0,0,0,2,0,0,0,0
Soolantra,0,3,5,0,0,0,0,0,0,0
Sorafenib,0,0,0,0,2,0,0,0,0,0
Soriatane,0,0,0,0,2,0,0,0,0,0
Sotalol,0,0,0,0,0,0,2,6,0,0
Sovaldi,0,0,0,0,0,0,0,0,0,0
Spectracef,2,0,0,0,0,0,1,0,0,0
Spiriva,0,1,0,0,2,0,2,2,0,0
Spiriva Respimat,0,0,0,0,0,0,0,0,0,0
Spironolactone,6,26,4,0,0,0,2,12,0,0
Sporanox,0,0,0,0,0,0,0,0,0,0
Sprintec,38,27,29,0,62,25,55,30,2,0
Sprix,0,0,1,0,0,0,0,0,0,0
Sronyx,12,6,4,0,16,12,6,2,2,0
St. john's wort,0,0,0,0,2,3,1,2,0,0
Stadol,2,0,0,0,4,0,1,2,0,0
Stalevo,0,0,0,0,0,2,0,2,0,0
Stelara,0,1,3,0,0,0,0,2,0,0
Stelazine,0,0,0,0,0,0,0,2,0,0
Stendra,0,0,0,0,2,0,0,2,0,0
Stiolto Respimat,0,0,0,0,0,0,0,0,0,0
Stivarga,0,0,0,0,0,0,0,0,0,0
Strattera,24,1,2,0,26,34,17,46,0,0
Stribild,0,0,0,0,0,0,0,0,0,0
Striverdi Respimat,0,0,0,0,0,0,0,0,0,0
Sublimaze,0,0,0,0,0,0,0,0,0,0
Suboxone,6,0,0,0,4,2,2,6,0,0
Succinylcholine,0,0,1,0,0,0,0,0,0,0
Sucralfate,0,1,0,0,0,2,3,0,0,0
Sudafed 24-Hour,0,1,0,0,0,0,0,0,0,0
Sudafed Congestion,0,0,0,0,0,0,0,0,0,0
Sudafed PE Pressure + Pain,0,0,0,0,0,0,0,0,0,0
Sudafed PE Severe Cold,0,0,0,0,0,0,0,0,0,0
Sular,2,0,0,0,0,0,0,0,0,0
Sulfacetamide sodium / sulfur,0,3,1,0,0,0,0,0,0,0
Sulfamethoxazole / trimethoprim,111,47,18,0,64,33,78,134,1,0
Sulfasalazine,12,2,1,0,2,0,4,12,0,0
Sulfazine,2,0,1,0,0,0,0,2,0,0
Sulindac,0,0,0,0,0,0,0,0,0,0
Sumatriptan,27,3,2,0,10,3,7,6,0,0
Sumavel DosePro,2,0,0,0,0,0,1,0,0,0
Sunitinib,0,0,0,0,0,0,0,0,0,0
Supartz,0,0,0,0,0,0,0,0,0,0
Suprax,0,0,0,0,0,0,0,0,0,0
Suprep Bowel Prep Kit,26,1,8,0,8,0,33,22,0,0
Sustiva,0,0,0,0,2,0,0,0,0,0
Sutent,0,0,0,0,0,0,0,0,0,0
Suvorexant,18,0,1,0,28,103,0,42,0,0
Symbicort,2,1,0,0,4,0,0,2,0,0
Symbyax,0,0,0,0,0,0,0,0,0,0
Synthroid,4,1,0,0,2,5,3,20,0,0
Synvisc,0,0,0,0,0,0,0,0,0,0
Synvisc-One,0,2,0,0,0,2,0,2,0,0
Systane,0,3,2,0,0,0,0,0,0,0
Systane Ultra,0,2,0,0,0,0,0,0,0,0
Taclonex,0,0,0,0,0,0,0,0,0,0
Tacrolimus,0,5,8,0,4,0,0,0,0,0
Tadalafil,8,0,1,0,2,1,0,0,0,0
Tafluprost,0,0,0,0,0,0,0,0,0,0
Taltz,0,2,4,0,0,0,0,0,0,0
Talwin,0,0,0,0,0,0,0,0,0,0
Talwin Nx,0,0,0,0,2,0,0,0,0,0
Tambocor,0,0,0,0,0,0,0,0,0,0
Tamiflu,30,4,1,0,22,11,19,20,0,0
Tamoxifen,2,0,1,0,0,4,4,8,0,0
Tamsulosin,2,0,2,0,6,2,0,39,0,0
Tanzeum,0,0,0,0,0,0,0,0,0,0
Tapentadol,22,0,1,0,18,8,7,18,0,0
Tarceva,0,0,0,0,0,0,0,2,0,0
Tarina Fe 1 / 20,0,2,1,0,2,0,1,0,1,0
Tasigna,0,0,0,0,0,0,0,0,0,0
Tavaborole,0,0,0,0,0,0,0,0,0,0
Taxotere,0,0,0,0,0,0,0,0,0,0
Taytulla,10,10,3,0,2,7,7,16,0,0
Tazarotene,0,2,0,0,0,0,0,0,0,0
Tazorac,0,2,0,0,0,0,0,0,0,0
Tecfidera,0,0,1,0,4,0,0,2,0,0
Tegretol,4,3,2,0,2,0,1,4,0,0
Tegretol XR,0,2,0,0,0,0,0,0,0,0
Tekturna,2,0,0,0,0,0,1,2,0,0
Telaprevir,0,0,0,0,2,0,0,0,0,0
Telmisartan,0,0,0,0,0,0,0,6,0,0
Temazepam,0,0,0,0,8,22,0,6,0,0
Temodar,0,1,0,0,0,0,0,0,0,0
Temozolomide,0,1,0,0,0,0,0,0,0,0
Tenex,0,0,0,0,0,0,0,0,0,0
Tenuate,0,0,0,0,0,0,0,0,0,0
Terazol 7,0,1,0,0,2,0,0,2,0,0
Terazosin,2,0,0,0,0,2,2,2,0,0
Terbinafine,8,11,5,0,4,6,6,2,0,0
Terbutaline,0,0,0,0,0,0,0,0,0,0
Terconazole,2,4,9,0,8,2,1,6,0,0
Teriflunomide,4,1,0,0,2,0,1,4,0,0
Teriparatide,4,1,0,0,2,2,3,16,0,0
Tessalon,0,0,0,0,0,0,0,0,0,0
Tessalon Perles,2,0,0,0,0,2,0,4,0,0
Testim,2,0,0,0,0,0,0,2,0,0
Testopel,0,0,0,0,0,0,0,0,0,0
Testosterone,2,3,0,0,6,1,0,8,0,0
Tetracycline,0,2,0,0,0,0,1,0,0,0
Tetrahydrozoline / zinc sulfate,0,1,4,0,0,0,0,0,0,0
Tev-Tropin,0,0,0,0,0,0,0,0,0,0
TheraTears Nutrition,0,0,0,0,0,0,0,0,0,0
Thiopental,0,0,0,0,0,0,0,0,0,0
Thorazine,0,0,0,0,0,2,0,0,0,0
Thyroid desiccated,6,1,3,0,10,11,4,28,0,0
Tiagabine,0,0,0,0,0,0,0,0,0,0
Ticagrelor,2,0,0,0,0,0,1,4,0,0
Tikosyn,0,0,0,0,0,0,0,0,0,0
Timoptic,0,0,0,0,0,0,0,0,0,0
Tindamax,4,0,0,0,2,0,5,2,0,0
Tinidazole,4,0,0,0,2,0,4,4,0,0
Tioconazole,0,138,383,0,64,13,2,130,0,0
Tiotropium,0,1,0,0,2,2,2,2,0,0
Tirosint,2,0,1,0,2,0,0,2,0,0
Tivicay,0,0,0,0,2,0,0,0,0,0
Tizanidine,8,0,0,0,10,6,3,10,0,0
TobraDex,0,3,0,0,0,0,0,0,0,0
Tocilizumab,0,0,0,0,0,0,0,0,0,0
Tofacitinib,8,0,1,0,2,2,1,4,0,0
Tofranil,0,0,0,0,0,0,0,0,0,0
Tolak,0,0,1,0,0,0,0,0,0,0
Tolterodine,0,0,0,0,4,0,0,0,0,0
Topamax,30,2,2,0,16,10,8,40,0,0
Topical Anesthetic Dental Gel,0,0,0,0,0,0,1,0,0,0
Topiramate,53,2,5,0,36,31,18,50,0,0
Toprol-XL,2,0,0,0,2,1,0,4,0,0
Toradol,6,0,1,0,2,2,2,2,0,0
Toradol IV / IM,0,1,0,0,0,0,0,0,0,0
Torsemide,2,0,0,0,0,0,0,2,0,0
Toujeo,0,1,1,0,2,2,1,2,0,0
Toujeo Solostar,0,0,0,0,0,0,0,0,0,0
Toviaz,2,0,0,0,2,4,5,8,0,0
Tradjenta,4,1,0,0,0,0,1,4,1,0
Tramadol,46,2,3,0,8,18,29,44,0,0
Trandolapril,0,0,0,0,0,0,0,0,0,0
Tranexamic acid,4,0,2,0,0,0,0,2,0,0
Transderm-Scop,0,3,0,0,2,0,5,4,0,0
Tranylcypromine,0,0,1,0,2,0,0,0,0,0
Trazodone,50,1,2,0,26,92,7,36,1,0
Treprostinil,0,0,0,0,0,0,1,2,0,0
Tresiba,4,0,1,0,2,0,0,9,0,0
Tretinoin,0,40,6,0,2,0,0,0,0,0
Treximet,0,2,1,0,0,2,1,2,0,0
Trezix,0,0,0,0,0,0,0,0,0,0
Tri-Estarylla,2,3,0,0,0,2,2,0,0,0
Tri-Linyah,2,2,1,0,4,0,4,0,0,0
Tri-Lo-Estarylla,2,0,0,0,0,0,2,4,0,0
Tri-Lo-Marzia,0,0,0,0,0,0,0,2,0,0
Tri-Lo-Sprintec,8,8,3,0,4,14,7,12,0,0
Tri-Luma,0,0,2,0,0,2,0,0,0,0
Tri-Previfem,14,23,8,0,22,13,21,22,1,0
Tri-Sprintec,42,59,16,0,46,30,53,32,2,0
TriCor,0,0,0,0,0,0,0,0,0,0
TriNessa,16,39,16,0,36,18,29,14,0,0
TriNessa Lo,2,2,1,0,0,0,0,0,0,0
Triamcinolone,2,1,1,0,2,0,0,6,0,0
Triamterene,0,0,0,0,0,0,0,0,0,0
Tribenzor,0,0,0,0,2,0,1,2,0,0
Trifluoperazine,0,0,0,0,0,0,0,2,0,0
Trihexyphenidyl,0,1,0,0,0,0,0,0,0,0
Trilafon,0,0,0,0,0,2,0,0,0,0
Trileptal,2,1,1,0,0,0,1,2,0,0
Trilipix,0,0,0,0,0,0,0,2,0,0
Trimethobenzamide,0,0,0,0,0,0,1,0,0,0
Trimethoprim,2,2,2,0,0,0,0,0,0,0
Trintellix,38,9,7,0,40,36,44,42,2,0
Triumeq,4,0,0,0,2,0,1,0,0,0
Trivora,0,1,0,0,0,0,2,0,0,0
Trolamine salicylate,0,0,2,0,0,0,0,0,0,0
Tropicamide,0,1,0,0,0,0,0,0,0,0
Trospium,0,0,0,0,0,0,1,0,0,0
Trulance,0,0,1,0,2,0,2,0,0,0
Trulicity,20,5,6,0,24,3,57,38,0,0
Truvada,0,0,0,0,0,0,2,0,0,0
Tryptophan,0,0,0,0,0,0,0,0,0,0
Tums Regular Strength,0,0,0,0,0,0,0,0,0,0
Tums Smoothies,0,0,0,0,0,0,0,0,0,0
Tussionex Pennkinetic,0,0,0,0,0,0,0,0,0,0
Tylenol,2,0,0,0,0,0,0,0,0,0
Tylenol PM,0,0,0,0,2,1,0,2,0,0
Tylenol with Codeine #3,6,0,0,0,2,0,1,0,0,0
Tylenol with Codeine #4,0,0,0,0,0,0,0,2,0,0
Tysabri,2,1,0,0,4,0,1,6,0,0
Ubiquinone,0,0,0,0,0,0,0,0,0,0
Uceris,4,0,0,0,0,0,1,0,0,0
Ulipristal,2,0,2,0,0,0,5,6,0,0
Uloric,0,0,1,0,0,0,0,0,0,0
Ultracet,0,0,0,0,0,0,0,0,0,0
Ultram,8,0,0,0,4,2,6,10,0,0
Ultram ER,0,0,0,0,0,0,1,2,0,0
Ultram ODT,0,0,0,0,0,0,0,0,0,0
Umeclidinium,0,0,0,0,0,0,1,0,0,0
Umeclidinium / vilanterol,0,0,0,0,0,0,0,0,0,0
Unisom SleepGels,0,0,0,0,0,4,0,2,0,0
Unisom SleepTabs,2,0,0,0,2,6,0,0,0,0
Unithroid,0,0,0,0,0,1,0,0,0,0
Uptravi,2,1,0,0,0,0,0,0,0,0
Uribel,0,0,0,0,0,0,0,0,0,0
Uricalm,0,0,1,0,0,0,0,0,0,0
Urispas,0,0,0,0,0,0,0,0,0,0
Uroxatral,2,0,0,0,2,0,1,4,0,0
Ustekinumab,0,0,2,0,0,0,0,2,0,0
VESIcare,8,0,0,0,6,1,7,10,0,0
Vagifem,0,1,0,0,0,0,0,0,0,0
Vagistat-1,0,0,2,0,0,0,0,0,0,0
Valacyclovir,0,1,2,0,0,0,1,8,0,0
Valium,0,0,0,0,4,2,0,4,0,0
Valproic acid,0,0,0,0,2,0,1,0,0,0
Valsartan,4,1,1,0,2,0,2,6,0,0
Valtrex,0,1,2,0,0,0,0,4,0,0
Valturna,0,0,1,0,0,0,1,0,0,0
Vancomycin,2,1,1,0,0,0,0,0,0,0
Vandazole,2,0,0,0,0,0,1,6,0,0
Vaniqa,0,0,0,0,0,0,0,0,0,0
Vanspar,0,1,1,0,0,0,0,0,0,0
Vantin,0,0,0,0,0,0,0,2,0,0
Vardenafil,4,1,0,0,4,0,0,2,0,0
Varenicline,8,1,1,0,20,17,21,28,0,0
Vascepa,0,0,0,0,0,0,0,2,0,0
Vasotec,0,0,0,0,0,0,0,0,0,0
Vedolizumab,2,2,2,0,4,1,4,6,0,0
Velivet,0,1,2,0,2,1,0,0,0,0
Velphoro,0,0,0,0,0,0,0,0,0,0
Veltin,0,4,0,0,0,0,0,0,0,0
Vemurafenib,0,1,0,0,0,0,1,0,0,0
Venlafaxine,44,3,5,0,74,90,49,168,3,0
Venofer,2,0,0,0,0,0,0,0,0,0
Ventolin,0,0,0,0,0,0,0,0,0,0
Ventolin HFA,0,0,0,0,0,0,0,0,0,0
Veramyst,0,1,0,0,0,2,0,0,0,0
Verapamil,6,0,1,0,2,0,2,8,0,0
Versed,0,0,0,0,2,3,0,0,0,0
Vestura,0,0,0,0,0,0,0,0,0,0
Viagra,6,0,0,0,0,0,1,2,0,0
Viberzi,4,0,3,0,2,0,5,2,0,0
Vicks QlearQuil Nighttime Allergy Relief,0,0,0,0,0,0,0,0,0,0
Vicks Sinex Nasal Spray (old formulation),0,0,0,0,0,0,0,2,0,0
Vicodin,2,0,0,0,0,2,4,4,0,0
Vicodin HP,0,0,0,0,0,0,0,0,0,0
Vicoprofen,0,0,0,0,2,1,0,2,0,0
Victoza,18,3,4,0,18,3,19,16,5,0
Vidaza,0,1,0,0,0,0,0,0,0,0
Viekira Pak,0,0,0,0,2,0,0,0,0,0
Vienva,2,0,0,0,2,2,3,4,1,0
Vigamox,0,2,2,0,0,0,0,0,0,0
Viibryd,22,4,6,0,32,63,23,32,0,0
Vilazodone,34,5,6,0,40,80,37,40,0,0
Vimovo,0,1,0,0,0,2,3,0,0,0
Vimpat,0,0,0,0,0,0,0,2,0,0
Viorele,12,3,4,0,6,9,6,4,0,0
Viramune,0,0,0,0,0,0,0,0,0,0
Virtussin A / C,0,0,0,0,0,0,0,0,0,0
Visine Totality Multi-Symptom Relief,0,2,2,0,0,0,0,0,0,0
Vistaril,0,0,0,0,8,11,0,16,0,0
Vitafol Ultra,0,0,0,0,0,0,0,0,0,0
Vitamin B2,2,0,0,0,0,1,0,0,0,0
Vitamin D3,0,0,0,0,0,0,2,0,0,0
Vitamin e,0,0,0,0,0,0,0,0,0,0
Vivelle-Dot,0,0,0,0,2,0,0,2,0,0
Vivitrol,2,0,0,0,0,4,1,10,0,0
Voltaren,2,0,0,0,0,0,1,0,0,0
Voltaren Gel,4,2,4,0,6,0,1,6,0,0
Vortioxetine,52,9,8,0,68,62,73,64,2,0
Vospire ER,0,0,1,0,0,0,0,0,0,0
Votrient,0,0,0,0,0,0,1,4,0,0
Vraylar,2,0,1,0,4,4,2,4,0,0
Vytorin,0,0,1,0,0,0,0,0,0,0
Vyvanse,8,4,0,0,22,24,4,18,2,0
Warfarin,2,0,0,0,2,0,0,0,0,0
Welchol,2,0,1,0,0,0,3,2,0,0
Wellbutrin,12,1,0,0,10,24,5,4,0,0
Wellbutrin SR,2,0,0,0,6,4,0,10,0,0
Wellbutrin XL,6,1,0,0,17,22,3,14,1,0
WinRho SDF,0,0,0,0,0,0,0,0,0,0
Xanax,0,0,0,0,0,9,0,10,0,0
Xanax XR,0,0,0,0,0,2,0,2,0,0
Xarelto,10,4,1,0,0,2,1,4,0,0
Xeljanz,4,0,1,0,2,2,1,4,0,0
Xeloda,0,0,0,0,0,0,0,2,0,0
Xenical,0,0,0,0,0,0,0,0,0,0
Xerac AC,0,0,0,0,0,0,0,0,0,0
Xgeva,0,0,0,0,0,0,0,0,0,0
Xiaflex,0,0,0,0,0,0,0,0,0,0
Xifaxan,0,0,1,0,2,4,3,2,0,0
Xiidra,6,10,8,0,4,0,2,2,0,0
Xolair,2,2,2,0,0,0,1,4,0,0
Xolegel,0,0,0,0,0,0,0,0,0,0
Xtampza ER,4,0,1,0,2,0,4,4,0,0
Xtandi,0,0,0,0,0,0,0,2,0,0
Xulane,32,6,7,0,16,11,19,16,0,0
Xylometazoline,0,0,0,0,0,0,0,0,0,0
Xyrem,0,0,0,0,0,4,0,4,0,0
Xyzal,5,2,3,0,8,3,0,24,0,0
Yasmin,8,30,7,0,26,26,15,14,1,0
Yaz,24,43,11,0,54,25,23,44,1,0
Yohimbine,0,0,0,0,0,0,1,0,0,0
Yuvafem,0,5,6,0,4,0,0,4,0,0
Zaleplon,0,0,0,0,2,8,2,6,0,0
Zanaflex,2,0,0,0,2,0,0,2,0,0
Zanamivir,0,0,0,0,0,0,0,0,0,0
Zantac,0,0,0,0,2,0,0,0,0,0
Zantac 150,0,0,0,0,0,0,0,0,0,0
Zarah,2,10,2,0,4,8,5,6,0,0
Zecuity,2,3,1,0,0,0,0,0,0,0
Zegerid,0,1,0,0,0,2,0,0,0,0
Zegerid OTC,0,0,0,0,0,0,0,0,0,0
Zejula,0,0,0,0,0,0,0,0,0,0
Zelboraf,0,0,0,0,0,0,0,0,0,0
Zenatane,0,1,0,0,0,0,0,0,0,0
Zenzedi,2,0,0,0,0,0,0,0,0,0
Zepatier,0,0,0,0,0,0,0,2,0,0
Zestril,2,0,0,0,0,0,1,6,0,0
Zetia,0,0,2,0,2,2,0,18,0,0
Ziac,0,0,0,0,0,0,1,2,0,0
Ziana,0,10,0,0,0,0,0,0,0,0
Ziconotide,0,0,0,0,0,0,0,0,0,0
Zileuton,0,0,0,0,0,0,0,2,0,0
Ziprasidone,0,1,0,0,4,18,6,26,0,0
Zipsor,0,0,0,0,0,0,0,0,0,0
Zithromax,2,0,0,0,6,0,4,6,0,0
Zocor,4,0,0,0,0,0,0,2,0,0
Zofran,6,1,0,0,0,0,8,2,0,0
Zofran ODT,2,0,0,0,0,0,4,0,0,0
Zohydro ER,0,0,0,0,0,0,0,0,0,0
Zoladex,4,1,1,0,2,2,3,8,0,0
Zoledronic acid,6,0,1,0,2,0,4,6,0,0
Zolmitriptan,2,0,1,0,4,0,1,2,0,0
Zoloft,22,3,1,0,50,33,15,74,3,0
Zolpidem,14,5,3,0,8,30,1,18,0,0
Zolpimist,0,0,0,0,2,0,0,0,0,0
Zometa,2,0,0,0,0,0,0,0,0,0
Zomig,6,1,1,0,4,0,1,2,0,0
Zomig-ZMT,0,0,0,0,0,0,0,0,0,0
Zonegran,2,1,0,0,0,2,1,0,0,0
Zonisamide,2,0,3,0,0,2,1,2,0,0
Zorvolex,0,0,0,0,2,0,1,0,0,0
Zostavax,0,0,0,0,0,0,0,0,0,0
Zoster vaccine live,0,0,0,0,0,0,0,0,0,0
Zostrix Diabetic Foot Pain,0,0,2,0,0,0,0,0,0,0
Zovia,0,6,1,0,0,2,1,2,0,0
Zovia 1 / 35,0,1,0,0,2,2,0,2,1,0
Zovirax,0,0,0,0,0,0,0,0,0,0
Zovirax Cream,0,0,1,0,0,0,0,4,0,0
Zubsolv,2,0,0,0,2,2,3,4,0,0
Zyban,2,0,0,0,4,1,2,4,0,0
Zyclara,0,2,1,0,0,0,1,2,0,0
Zyprexa,0,1,0,0,10,7,1,22,4,0
Zyprexa Zydis,0,0,0,0,0,0,0,0,0,0
Zyrtec,0,0,3,0,0,2,0,4,0,0
ZzzQuil,0,0,0,0,0,0,0,0,0,0
depo-subQ provera 104,0,0,0,0,0,0,0,2,0,0
ella,4,0,1,0,2,0,4,6,0,0
femhrt,0,1,0,0,0,0,0,0,0,0
